Time,Front Left Wheel Speed,Front Right Wheel Speed
0.0,0.0,0.0
0.009999990463256836,0.0,0.0
0.018999814987182617,0.0,0.0
0.028999805450439453,0.0,0.0
0.03899979591369629,0.0,0.0
0.048999786376953125,0.0,0.0
0.05899977684020996,0.0,0.0
0.0689997673034668,0.0,0.0
0.07899999618530273,0.0,0.0
0.08899998664855957,0.0,0.0
0.0989999771118164,0.0,0.0
0.10799980163574219,0.0,0.0
0.11799979209899902,0.0,0.0
0.12799978256225586,0.0,0.0
0.1379997730255127,0.0,0.0
0.14800000190734863,0.0,0.0
0.15799999237060547,0.0,0.0
0.1679999828338623,0.0,0.0
0.17799997329711914,0.0,0.0
0.18799996376037598,0.0,0.0
0.1979999542236328,0.0,0.0
0.2069997787475586,0.0,0.0
0.21699976921081543,0.0,0.0
0.22699999809265137,0.0,0.0
0.2369999885559082,0.0,0.0
0.24699997901916504,0.0,0.0
0.2569999694824219,0.0,0.0
0.2669999599456787,0.0,0.0
0.27699995040893555,0.0,0.0
0.2869999408721924,0.0,0.0
0.2969999313354492,0.0,0.0
0.309999942779541,0.0,0.0
0.31599998474121094,0.0,0.0
0.3259999752044678,0.0,0.0
0.3359999656677246,0.0,0.0
0.34599995613098145,0.0,0.0
0.3559999465942383,0.0,0.0
0.3659999370574951,0.0,0.0
0.37599992752075195,0.0,0.0
0.3859999179840088,0.0,0.0
0.3959999084472656,0.0,0.0
0.40599989891052246,0.0,0.0
0.4159998893737793,0.0,0.0
0.42599987983703613,0.0,0.0
0.43599987030029297,0.0,0.0
0.4459998607635498,0.0,0.0
0.45599985122680664,0.0,0.0
0.4649999141693115,0.0,0.0
0.47499990463256836,0.0,0.0
0.4849998950958252,0.0,0.0
0.4939999580383301,0.0,0.0
0.5039999485015869,0.0,0.0
0.5139999389648438,0.0,0.0
0.5249998569488525,0.0,0.0
0.5339999198913574,0.0,0.0
0.5439999103546143,0.0,0.0
0.5539999008178711,0.0,0.0
0.5639998912811279,0.0,0.0
0.5739998817443848,0.0,0.0
0.5839998722076416,0.0,0.0
0.5929999351501465,0.0,0.0
0.6039998531341553,0.0,0.0
0.6129999160766602,0.0,0.0
0.622999906539917,0.0,0.0
0.6329998970031738,0.0,0.0
0.6429998874664307,0.0,0.0
0.6529998779296875,0.0,0.0
0.6629998683929443,0.0,0.0
0.6729998588562012,0.0,0.0
0.682999849319458,0.0,0.0
0.6929998397827148,0.0,0.0
0.7059998512268066,0.0,0.0
0.7119998931884766,0.0,0.0
0.7219998836517334,0.0,0.0
0.7319998741149902,0.0,0.0
0.7419998645782471,0.0,0.0
0.7519998550415039,0.0,0.0
0.7619998455047607,0.0,0.0
0.7719998359680176,0.0,0.0
0.7819998264312744,0.0,0.0
0.7909998893737793,0.0,0.0
0.8009998798370361,0.0,0.0
0.810999870300293,0.0,0.0
0.8219997882843018,0.0,0.0
0.8319997787475586,0.0,0.0
0.8409998416900635,0.0,0.0
0.8509998321533203,0.0,0.0
0.8609998226165771,0.0,0.0
0.870999813079834,0.0,0.0
0.8809998035430908,0.0,0.0
0.8899998664855957,0.0,0.0
0.9009997844696045,0.0,0.0
0.9099998474121094,0.0,0.0
0.9210000038146973,0.0,0.0
0.929999828338623,0.0,0.0
0.9399998188018799,0.0,0.0
0.9499998092651367,0.0,0.0
0.9599997997283936,0.0,0.0
0.9699997901916504,0.0,0.0
0.9799997806549072,0.0,0.0
0.9899997711181641,0.0,0.0
1.0,0.0,0.0
1.0089998245239258,0.0,0.0
1.0189998149871826,0.0,0.0
1.0289998054504395,0.0,0.0
1.0389997959136963,0.0,0.0
1.0499999523162842,0.0,0.0
1.05899977684021,0.0,0.0
1.0689997673034668,0.0,0.0
1.0789999961853027,0.0,0.0
1.0909998416900635,0.0,0.0
1.0979998111724854,0.0,0.0
1.1079998016357422,0.0,0.0
1.11899995803833,0.0,0.0
1.128999948501587,0.0,0.0
1.1389999389648438,0.0,0.0
1.1480000019073486,0.0,0.0
1.1579999923706055,0.0,0.0
1.1679999828338623,0.0,0.0
1.1779999732971191,0.0,0.0
1.187999963760376,0.0,0.0
1.1979999542236328,0.0,0.0
1.2069997787475586,0.0,0.0
1.2169997692108154,0.0,0.0
1.2269999980926514,0.0,0.0
1.2369999885559082,0.0,0.0
1.246999979019165,0.0,0.0
1.2569999694824219,0.0,0.0
1.2669999599456787,0.0,0.0
1.2769999504089355,0.0,0.0
1.2869999408721924,0.0,0.0
1.2969999313354492,0.0,0.0
1.306999921798706,0.0,0.0
1.315999984741211,0.0,0.0
1.3259999752044678,0.0,0.0
1.3359999656677246,0.0,0.0
1.3459999561309814,0.0,0.0
1.3559999465942383,0.0,0.0
1.3659999370574951,0.0,0.0
1.375999927520752,0.0,0.0
1.3859999179840088,0.0,0.0
1.3959999084472656,0.0,0.0
1.4059998989105225,0.0,0.0
1.4179999828338623,0.0,0.0
1.4249999523162842,0.0,0.0
1.434999942779541,0.0,0.0
1.4449999332427979,0.0,0.0
1.4549999237060547,0.0,0.0
1.4649999141693115,0.0,0.0
1.4749999046325684,0.0,0.0
1.4849998950958252,0.0,0.0
1.494999885559082,0.0,0.0
1.5049998760223389,0.0,0.0
1.5139999389648438,0.0,0.0
1.5239999294281006,0.0,0.0
1.5339999198913574,0.0,0.0
1.5439999103546143,0.0,0.0
1.553999900817871,0.0,0.0
1.563999891281128,0.0,0.0
1.5739998817443848,0.0,0.0
1.5839998722076416,0.0,0.0
1.5929999351501465,0.0,0.0
1.6039998531341553,0.0,0.0
1.6129999160766602,0.0,0.0
1.622999906539917,0.0,0.0
1.6339998245239258,0.0,0.0
1.6429998874664307,0.0,0.0
1.6529998779296875,0.0,0.0
1.6629998683929443,0.0,0.0
1.6729998588562012,0.0,0.0
1.682999849319458,0.0,0.0
1.691999912261963,0.0,0.0
1.7029998302459717,0.0,0.0
1.7129998207092285,0.0,0.0
1.7219998836517334,0.0,0.0
1.7319998741149902,0.0,0.0
1.741999864578247,0.0,0.0
1.7549998760223389,0.0,0.0
1.7619998455047607,0.0,0.0
1.7719998359680176,0.0,0.0
1.7819998264312744,0.0,0.0
1.7919998168945312,0.0,0.0
1.8009998798370361,0.0,0.0
1.810999870300293,0.0,0.0
1.8209998607635498,0.0,0.0
1.8309998512268066,0.0,0.0
1.8409998416900635,0.0,0.0
1.8509998321533203,0.0,0.0
1.8609998226165771,0.0,0.0
1.870999813079834,0.0,0.0
1.8809998035430908,0.0,0.0
1.8909997940063477,0.0,0.0
1.9009997844696045,0.0,0.0
1.9099998474121094,0.0,0.0
1.9199998378753662,0.0,0.0
1.930999994277954,0.0,0.0
1.9399998188018799,0.0,0.0
1.9499998092651367,0.0,0.0
1.9599997997283936,0.0,0.0
1.9699997901916504,0.0,0.0
1.9799997806549072,0.0,0.0
1.989999771118164,0.0,0.0
2.0,0.0,0.0
2.008999824523926,0.0,0.0
2.0189998149871826,0.0,0.0
2.0289998054504395,0.0,0.0
2.0389997959136963,0.0,0.0
2.048999786376953,0.0,0.0
2.05899977684021,0.0,0.0
2.068999767303467,0.0,0.0
2.0789999961853027,0.0,0.0
2.0889999866485596,0.0,0.0
2.0989999771118164,0.0,0.0
2.107999801635742,0.0,0.0
2.121999979019165,0.0,0.0
2.128999948501587,0.0,0.0
2.1379997730255127,0.0,0.0
2.1480000019073486,0.0,0.0
2.1579999923706055,0.0,0.0
2.1679999828338623,0.0,0.0
2.177999973297119,0.0,0.0
2.187999963760376,0.0,0.0
2.197999954223633,0.0,0.0
2.2079999446868896,0.0,0.0
2.2169997692108154,0.0,0.0
2.2269999980926514,0.0,0.0
2.236999988555908,0.0,0.0
2.246999979019165,0.0,0.0
2.256999969482422,0.0,0.0
2.2669999599456787,0.0,0.0
2.2769999504089355,0.0,0.0
2.2869999408721924,0.0,0.0
2.296999931335449,0.0,0.0
2.306999921798706,0.0,0.0
2.315999984741211,0.0,0.0
2.3259999752044678,0.0,0.0
2.3359999656677246,0.0,0.0
2.3459999561309814,0.0,0.0
2.3559999465942383,0.0,0.0
2.365999937057495,0.0,0.0
2.375999927520752,0.0,0.0
2.385999917984009,0.0,0.0
2.3959999084472656,0.0,0.0
2.4059998989105225,0.0,0.0
2.4149999618530273,0.0,0.0
2.425999879837036,0.0,0.0
2.435999870300293,0.0,0.0
2.444999933242798,0.0,0.0
2.4549999237060547,0.0,0.0
2.4649999141693115,0.0,0.0
2.4749999046325684,0.0,0.0
2.485999822616577,0.0,0.0
2.49399995803833,0.0,0.0
2.503999948501587,0.0,0.0
2.5139999389648438,0.0,0.0
2.5239999294281006,0.0,0.0
2.5339999198913574,0.0,0.0
2.5439999103546143,0.0,0.0
2.553999900817871,0.0,0.0
2.563999891281128,0.0,0.0
2.5739998817443848,0.0,0.0
2.5839998722076416,0.0,0.0
2.5939998626708984,0.0,0.0
2.6029999256134033,0.0,0.0
2.61299991607666,0.0,0.0
2.622999906539917,0.0,0.0
2.632999897003174,0.0,0.0
2.6429998874664307,0.0,0.0
2.6539998054504395,0.0,0.0
2.6629998683929443,0.0,0.0
2.672999858856201,0.0,0.0
2.682999849319458,0.0,0.0
2.692999839782715,0.0,0.0
2.7029998302459717,0.0,0.0
2.7129998207092285,0.0,0.0
2.7219998836517334,0.0,0.0
2.7319998741149902,0.0,0.0
2.741999864578247,0.0,0.0
2.751999855041504,0.0,0.0
2.7619998455047607,0.0,0.0
2.7719998359680176,0.0,0.0
2.7819998264312744,0.0,0.0
2.7919998168945312,0.0,0.0
2.801999807357788,0.0,0.0
2.810999870300293,0.0,0.0
2.82099986076355,0.0,0.0
2.8309998512268066,0.0,0.0
2.8409998416900635,0.0,0.0
2.8509998321533203,0.0,0.0
2.860999822616577,0.0,0.0
2.870999813079834,0.0,0.0
2.880999803543091,0.0,0.0
2.8909997940063477,0.0,0.0
2.9009997844696045,0.0,0.0
2.9099998474121094,0.0,0.0
2.9210000038146973,0.0,0.0
2.929999828338623,0.0,0.0
2.93999981880188,0.0,0.0
2.9499998092651367,0.0,0.0
2.9599997997283936,0.0,0.0
2.9699997901916504,0.0,0.0
2.9799997806549072,0.0,0.0
2.989999771118164,0.0,0.0
3.0,0.0,0.0
3.009999990463257,0.0,0.0
3.0189998149871826,0.0,0.0
3.0289998054504395,0.0,0.0
3.0389997959136963,0.0,0.0
3.049999952316284,0.0,0.0
3.05899977684021,0.0,0.0
3.068999767303467,0.0,0.0
3.0789999961853027,0.0,0.0
3.0919997692108154,0.0,0.0
3.0979998111724854,0.0,0.0
3.107999801635742,0.0,0.0
3.11899995803833,0.0,0.0
3.128999948501587,0.0,0.0
3.1379997730255127,0.0,0.0
3.1480000019073486,0.0,0.0
3.1579999923706055,0.0,0.0
3.1679999828338623,0.0,0.0
3.177999973297119,0.0,0.0
3.187999963760376,0.0,0.0
3.197999954223633,0.0,0.0
3.2079999446868896,0.0,0.0
3.2169997692108154,0.0,0.0
3.2269999980926514,0.0,0.0
3.236999988555908,0.0,0.0
3.246999979019165,0.0,0.0
3.256999969482422,0.0,0.0
3.2669999599456787,0.0,0.0
3.2769999504089355,0.0,0.0
3.2869999408721924,0.0,0.0
3.296999931335449,0.0,0.0
3.305999994277954,0.0,0.0
3.315999984741211,0.0,0.0
3.3259999752044678,0.0,0.0
3.3369998931884766,0.0,0.0
3.3489999771118164,0.0,0.0
3.3559999465942383,0.0,0.0
3.365999937057495,0.0,0.0
3.375999927520752,0.0,0.0
3.384999990463257,0.0,0.0
3.3959999084472656,0.0,0.0
3.4049999713897705,0.0,0.0
3.4149999618530273,0.0,0.0
3.424999952316284,0.0,-1.464
3.434999942779541,0.0,0.0
3.444999933242798,0.0,0.0
3.4549999237060547,0.0,0.0
3.4649999141693115,0.0,-1.464
3.4739999771118164,0.0,-1.464
3.484999895095825,0.0,0.0
3.49399995803833,0.0,-1.464
3.503999948501587,0.0,-1.464
3.5139999389648438,0.0,-1.464
3.5239999294281006,0.0,-1.464
3.5339999198913574,0.0,-1.464
3.5439999103546143,0.0,-1.464
3.553999900817871,0.0,-1.464
3.563999891281128,0.0,-1.464
3.572999954223633,0.0,-1.464
3.5829999446868896,0.0,-1.464
3.5929999351501465,0.0,-1.464
3.6029999256134033,0.0,-1.464
3.61299991607666,0.0,-1.464
3.622999906539917,0.0,-1.464
3.632999897003174,0.0,-1.464
3.6429998874664307,0.0,-1.464
3.6529998779296875,0.0,-1.464
3.6629998683929443,0.0,-1.464
3.671999931335449,0.0,-1.464
3.681999921798706,0.0,-1.464
3.691999912261963,0.0,-1.464
3.7019999027252197,0.0,-1.464
3.7119998931884766,0.0,-1.464
3.7219998836517334,0.0,-1.464
3.7319998741149902,0.0,-1.464
3.741999864578247,0.0,-1.464
3.751999855041504,0.0,-1.464
3.7619998455047607,0.0,-1.464
3.7719998359680176,0.0,-1.464
3.7809998989105225,0.0,-1.464
3.7909998893737793,0.0,-1.464
3.800999879837036,0.0,-1.464
3.810999870300293,0.0,-1.464
3.82099986076355,0.0,-1.464
3.8309998512268066,0.0,-1.464
3.8409998416900635,0.0,-1.464
3.8509998321533203,0.0,-1.464
3.860999822616577,0.0,-1.464
3.869999885559082,0.0,-1.464
3.879999876022339,0.0,-1.464
3.8899998664855957,0.0,-1.464
3.8999998569488525,0.0,-1.464
3.9099998474121094,0.0,-1.464
3.919999837875366,0.0,-1.464
3.929999828338623,0.0,-1.464
3.93999981880188,0.0,-1.464
3.9499998092651367,0.0,-1.464
3.9599997997283936,0.0,-1.464
3.9699997901916504,0.0,-1.464
3.9789998531341553,0.0,-1.464
3.988999843597412,0.0,-1.464
3.998999834060669,0.0,-1.464
4.008999824523926,0.0,-1.464
4.018999814987183,0.0,-1.464
4.0289998054504395,0.0,-1.464
4.038999795913696,0.0,-1.464
4.048999786376953,0.0,-2.929
4.05899977684021,0.0,-2.929
4.071999788284302,0.0,-2.929
4.078999996185303,0.0,-2.929
4.0879998207092285,0.0,-2.929
4.097999811172485,0.0,-2.929
4.107999801635742,0.0,-2.929
4.117999792098999,0.0,-2.929
4.127999782562256,0.0,-2.929
4.137999773025513,0.0,-2.929
4.148000001907349,0.0,-2.929
4.1579999923706055,0.0,-2.929
4.167999982833862,0.0,-2.929
4.177999973297119,0.0,-2.929
4.187999963760376,0.0,-2.929
4.196999788284302,0.0,-2.929
4.206999778747559,0.0,-2.929
4.216999769210815,0.0,-2.929
4.226999998092651,0.0,-2.929
4.236999988555908,0.0,-2.929
4.246999979019165,0.0,-2.929
4.256999969482422,0.0,-2.929
4.266999959945679,0.0,-2.929
4.2759997844696045,0.0,-2.929
4.286999940872192,0.0,-2.929
4.296000003814697,0.0,-2.929
4.305999994277954,0.0,-2.929
4.315999984741211,0.0,-2.929
4.325999975204468,0.0,-2.929
4.335999965667725,0.0,-2.929
4.3459999561309814,0.0,-2.929
4.355999946594238,0.0,-2.929
4.365999937057495,0.0,-2.929
4.375,0.0,-2.929
4.384999990463257,0.0,-2.929
4.394999980926514,0.0,-2.929
4.4049999713897705,0.0,-2.929
4.414999961853027,0.0,-2.929
4.424999952316284,0.0,-2.929
4.434999942779541,0.0,-2.929
4.444999933242798,0.0,-2.929
4.454999923706055,0.0,-2.929
4.4659998416900635,0.0,-2.929
4.474999904632568,0.0,-2.929
4.484999895095825,0.0,-2.929
4.494999885559082,0.0,-2.929
4.504999876022339,0.0,-2.929
4.513999938964844,0.0,-2.929
4.523999929428101,0.0,-2.929
4.533999919891357,0.0,-2.929
4.543999910354614,0.0,-2.929
4.553999900817871,0.0,-2.929
4.563999891281128,0.0,-2.929
4.573999881744385,0.0,-2.929
4.58299994468689,0.0,-2.929
4.5929999351501465,0.0,-2.929
4.602999925613403,0.0,-2.929
4.61299991607666,0.0,-2.929
4.622999906539917,0.0,-2.929
4.632999897003174,0.0,-2.929
4.642999887466431,0.0,-2.929
4.6529998779296875,0.0,-2.929
4.662999868392944,0.0,-2.929
4.672999858856201,0.0,-2.929
4.682999849319458,0.0,-2.929
4.691999912261963,0.0,-2.929
4.70199990272522,0.0,-2.929
4.7159998416900635,0.0,-2.929
4.721999883651733,0.0,-2.929
4.73199987411499,0.0,-1.464
4.741999864578247,0.0,-2.929
4.751999855041504,0.0,-2.929
4.761999845504761,0.0,-1.464
4.771999835968018,0.0,-2.929
4.7809998989105225,0.0,-1.464
4.790999889373779,0.0,-2.929
4.800999879837036,0.0,-1.464
4.810999870300293,0.0,-1.464
4.82099986076355,0.0,-2.929
4.830999851226807,0.0,-1.464
4.8409998416900635,0.0,-1.464
4.85099983215332,0.0,-1.464
4.860999822616577,0.0,-1.464
4.870999813079834,0.0,-1.464
4.879999876022339,0.0,-1.464
4.889999866485596,0.0,-1.464
4.8999998569488525,0.0,-1.464
4.909999847412109,0.0,-1.464
4.919999837875366,0.0,-1.464
4.929999828338623,0.0,-1.464
4.93999981880188,0.0,-1.464
4.949999809265137,0.0,-1.464
4.9599997997283936,0.0,-1.464
4.96999979019165,0.0,-1.464
4.978999853134155,0.0,-1.464
4.988999843597412,0.0,-1.464
4.998999834060669,0.0,-1.464
5.008999824523926,0.0,-1.464
5.018999814987183,0.0,-1.464
5.0289998054504395,0.0,-1.464
5.038999795913696,0.0,-1.464
5.048999786376953,0.0,-1.464
5.05899977684021,0.0,-1.464
5.068999767303467,0.0,-1.464
5.077999830245972,0.0,-1.464
5.0879998207092285,0.0,-1.464
5.097999811172485,0.0,-1.464
5.107999801635742,0.0,-1.464
5.117999792098999,0.0,-1.464
5.127999782562256,0.0,-1.464
5.137999773025513,0.0,-1.464
5.148000001907349,0.0,-1.464
5.1579999923706055,0.0,-2.929
5.167999982833862,0.0,-2.929
5.177999973297119,0.0,-2.929
5.186999797821045,0.0,-2.929
5.196999788284302,0.0,-2.929
5.206999778747559,0.0,-2.929
5.216999769210815,0.0,-2.929
5.226999998092651,0.0,-4.394
5.236999988555908,0.0,-4.394
5.246999979019165,0.0,-4.394
5.256999969482422,0.0,-4.394
5.266999959945679,0.0,-5.859
5.2759997844696045,0.0,-4.394
5.285999774932861,0.0,-5.859
5.296000003814697,0.0,-5.859
5.305999994277954,0.0,-5.859
5.315999984741211,0.0,-5.859
5.325999975204468,0.0,-5.859
5.335999965667725,0.0,-7.324
5.3459999561309814,0.0,-7.324
5.355999946594238,0.0,-7.324
5.365999937057495,0.0,-7.324
5.375,0.0,-8.789
5.384999990463257,0.0,-8.789
5.394999980926514,0.0,-8.789
5.4049999713897705,0.0,-8.789
5.415999889373779,0.0,-10.253
5.424999952316284,0.0,-10.253
5.434999942779541,0.0,-10.253
5.444999933242798,0.0,-10.253
5.454999923706055,0.0,-11.718
5.4649999141693115,0.0,-11.718
5.473999977111816,0.0,-11.718
5.483999967575073,0.0,-13.183
5.49399995803833,0.0,-13.183
5.503999948501587,0.0,-13.183
5.513999938964844,0.0,-13.183
5.523999929428101,0.0,-14.648
5.533999919891357,0.0,-13.183
5.543999910354614,0.0,-14.648
5.553999900817871,0.0,-14.648
5.563999891281128,0.0,-16.113
5.575999975204468,0.0,-16.113
5.583999872207642,0.0,-16.113
5.5929999351501465,0.0,-16.113
5.602999925613403,0.0,-17.578
5.61299991607666,0.0,-17.578
5.622999906539917,0.0,-17.578
5.632999897003174,0.0,-17.578
5.642999887466431,0.0,-19.042
5.6529998779296875,0.0,-19.042
5.661999940872192,0.0,-19.042
5.671999931335449,0.0,-19.042
5.681999921798706,0.0,-20.507
5.691999912261963,0.0,-20.507
5.70199990272522,0.0,-20.507
5.711999893188477,0.0,-21.972
5.721999883651733,0.0,-21.972
5.73199987411499,0.0,-21.972
5.741999864578247,0.0,-21.972
5.751999855041504,0.0,-23.437
5.760999917984009,0.0,-23.437
5.770999908447266,0.0,-23.437
5.7809998989105225,0.0,-24.902
5.790999889373779,0.0,-24.902
5.800999879837036,0.0,-24.902
5.810999870300293,0.0,-24.902
5.82099986076355,0.0,-26.367
5.830999851226807,0.0,-26.367
5.8409998416900635,0.0,-26.367
5.85099983215332,0.0,-27.832
5.860999822616577,0.0,-27.832
5.869999885559082,0.0,-27.832
5.879999876022339,0.0,-29.296
5.889999866485596,0.0,-29.296
5.8999998569488525,0.0,-29.296
5.909999847412109,0.0,-30.761
5.919999837875366,0.0,-32.226
5.929999828338623,0.0,-32.226
5.93999981880188,0.0,-32.226
5.949999809265137,0.0,-32.226
5.9599997997283936,0.0,-32.226
5.968999862670898,0.0,-32.226
5.978999853134155,0.0,-33.691
5.988999843597412,0.0,-33.691
5.998999834060669,0.0,-33.691
6.008999824523926,0.0,-35.156
6.018999814987183,0.0,-35.156
6.0289998054504395,0.0,-35.156
6.039999961853027,0.0,-36.621
6.048999786376953,0.0,-36.621
6.05899977684021,0.0,-36.621
6.067999839782715,0.0,-38.085
6.077999830245972,0.0,-38.085
6.0879998207092285,0.0,-38.085
6.097999811172485,0.0,-38.085
6.107999801635742,0.0,-39.55
6.117999792098999,0.0,-39.55
6.127999782562256,0.0,-39.55
6.137999773025513,0.0,-41.015
6.148000001907349,0.0,-41.015
6.1579999923706055,0.0,-41.015
6.166999816894531,0.0,-42.48
6.176999807357788,0.0,-42.48
6.186999797821045,0.0,-42.48
6.196999788284302,0.0,-43.945
6.206999778747559,0.0,-43.945
6.216999769210815,0.0,-43.945
6.226999998092651,0.0,-45.41
6.236999988555908,0.0,-45.41
6.246999979019165,0.0,-45.41
6.256999969482422,0.0,-46.875
6.265999794006348,0.0,-46.875
6.2759997844696045,0.0,-46.875
6.285999774932861,0.0,-46.875
6.296000003814697,0.0,-48.339
6.305999994277954,0.0,-48.339
6.315999984741211,0.0,-48.339
6.325999975204468,0.0,-48.339
6.335999965667725,0.0,-48.339
6.3459999561309814,0.0,-49.804
6.355999946594238,0.0,-49.804
6.365999937057495,0.0,-51.269
6.375,0.0,-51.269
6.384999990463257,0.0,-51.269
6.394999980926514,0.0,-52.734
6.4059998989105225,0.0,-52.734
6.414999961853027,0.0,-52.734
6.424999952316284,0.0,-52.734
6.434999942779541,0.0,-54.199
6.444999933242798,0.0,-54.199
6.454999923706055,0.0,-54.199
6.4649999141693115,0.0,-54.199
6.473999977111816,0.0,-55.664
6.483999967575073,0.0,-55.664
6.49399995803833,0.0,-55.664
6.503999948501587,0.0,-55.664
6.514999866485596,0.0,-57.128
6.5259997844696045,0.0,-57.128
6.534999847412109,0.0,-58.593
6.543999910354614,0.0,-60.058
6.553999900817871,0.0,-58.593
6.563999891281128,0.0,-58.593
6.575999975204468,0.0,-58.593
6.58299994468689,0.0,-61.523
6.5929999351501465,0.0,-61.523
6.602999925613403,0.0,-60.058
6.61299991607666,0.0,-60.058
6.622999906539917,0.0,-60.058
6.632999897003174,0.0,-61.523
6.642999887466431,0.0,-61.523
6.6529998779296875,0.0,-61.523
6.662999868392944,0.0,-61.523
6.671999931335449,0.0,-62.988
6.682999849319458,0.0,-62.988
6.691999912261963,0.0,-62.988
6.70199990272522,0.0,-62.988
6.711999893188477,0.0,-62.988
6.721999883651733,0.0,-64.453
6.73199987411499,0.0,-64.453
6.741999864578247,0.0,-64.453
6.751999855041504,0.0,-64.453
6.766999959945679,0.0,-65.917
6.770999908447266,0.0,-65.917
6.781999826431274,0.0,-65.917
6.790999889373779,0.0,-65.917
6.800999879837036,0.0,-65.917
6.810999870300293,0.0,-65.917
6.82099986076355,0.0,-65.917
6.830999851226807,0.0,-65.917
6.8409998416900635,0.0,-65.917
6.85099983215332,0.0,-67.382
6.860999822616577,0.0,-67.382
6.869999885559082,0.0,-67.382
6.879999876022339,0.0,-67.382
6.889999866485596,0.0,-67.382
6.8999998569488525,0.0,-67.382
6.909999847412109,0.0,-68.847
6.919999837875366,0.0,-68.847
6.929999828338623,0.0,-70.312
6.93999981880188,0.0,-70.312
6.949999809265137,0.0,-68.847
6.9599997997283936,0.0,-68.847
6.968999862670898,0.0,-68.847
6.979999780654907,0.0,-68.847
6.988999843597412,0.0,-70.312
6.998999834060669,0.0,-71.777
7.008999824523926,0.0,-73.242
7.018999814987183,0.0,-70.312
7.0289998054504395,0.0,-70.312
7.038999795913696,0.0,-73.242
7.048999786376953,0.0,-71.777
7.05899977684021,0.0,-70.312
7.067999839782715,0.0,-70.312
7.078999996185303,0.0,-71.777
7.0879998207092285,0.0,-71.777
7.097999811172485,0.0,-71.777
7.108999967575073,0.0,-71.777
7.117999792098999,0.0,-71.777
7.127999782562256,0.0,-71.777
7.137999773025513,0.0,-71.777
7.148000001907349,0.0,-71.777
7.1579999923706055,0.0,-71.777
7.167999982833862,0.0,-71.777
7.177999973297119,0.0,-71.777
7.186999797821045,0.0,-71.777
7.196999788284302,0.0,-71.777
7.206999778747559,0.0,-71.777
7.216999769210815,0.0,-71.777
7.226999998092651,0.0,-71.777
7.236999988555908,0.0,-71.777
7.246999979019165,0.0,-71.777
7.259999990463257,0.0,-71.777
7.265999794006348,0.0,-70.312
7.2759997844696045,0.0,-70.312
7.286999940872192,0.0,-71.777
7.296999931335449,0.0,-71.777
7.305999994277954,0.0,-70.312
7.315999984741211,0.0,-70.312
7.32699990272522,0.0,-71.777
7.335999965667725,0.0,-71.777
7.3459999561309814,0.0,-71.777
7.355999946594238,0.0,-71.777
7.365999937057495,0.0,-71.777
7.375999927520752,0.0,-71.777
7.384999990463257,0.0,-70.312
7.394999980926514,0.0,-70.312
7.4049999713897705,0.0,-70.312
7.414999961853027,0.0,-71.777
7.424999952316284,0.0,-73.242
7.434999942779541,0.0,-71.777
7.444999933242798,0.0,-70.312
7.454999923706055,0.0,-71.777
7.4649999141693115,0.0,-73.242
7.474999904632568,0.0,-71.777
7.483999967575073,0.0,-70.312
7.49399995803833,0.0,-70.312
7.503999948501587,0.0,-71.777
7.513999938964844,0.0,-71.777
7.523999929428101,0.0,-71.777
7.533999919891357,0.0,-70.312
7.543999910354614,0.0,-70.312
7.552999973297119,0.0,-70.312
7.562999963760376,0.0,-70.312
7.573999881744385,0.0,-71.777
7.58299994468689,0.0,-71.777
7.5929999351501465,0.0,-71.777
7.602999925613403,0.0,-70.312
7.61299991607666,0.0,-71.777
7.622999906539917,0.0,-71.777
7.632999897003174,0.0,-71.777
7.642999887466431,0.0,-71.777
7.6519999504089355,0.0,-70.312
7.661999940872192,0.0,-70.312
7.671999931335449,0.0,-70.312
7.681999921798706,0.0,-70.312
7.691999912261963,0.0,-70.312
7.70199990272522,0.0,-70.312
7.711999893188477,0.0,-70.312
7.721999883651733,0.0,-70.312
7.73199987411499,0.0,-70.312
7.741999864578247,0.0,-70.312
7.750999927520752,0.0,-70.312
7.761999845504761,0.0,-71.777
7.771999835968018,0.0,-71.777
7.7809998989105225,0.0,-71.777
7.790999889373779,0.0,-71.777
7.800999879837036,0.0,-71.777
7.810999870300293,0.0,-70.312
7.82099986076355,0.0,-70.312
7.830999851226807,0.0,-70.312
7.843999862670898,0.0,-71.777
7.849999904632568,0.0,-73.242
7.860999822616577,0.0,-71.777
7.869999885559082,0.0,-70.312
7.879999876022339,0.0,-73.242
7.890999794006348,0.0,-71.777
7.8999998569488525,0.0,-71.777
7.909999847412109,0.0,-70.312
7.919999837875366,0.0,-71.777
7.929999828338623,0.0,-71.777
7.93999981880188,0.0,-71.777
7.948999881744385,0.0,-70.312
7.958999872207642,0.0,-70.312
7.96999979019165,0.0,-71.777
7.978999853134155,0.0,-70.312
7.988999843597412,0.0,-70.312
7.998999834060669,0.0,-71.777
8.008999824523926,0.0,-71.777
8.018999814987183,0.0,-71.777
8.02899980545044,0.0,-71.777
8.038999795913696,0.0,-71.777
8.048999786376953,0.0,-71.777
8.05899977684021,0.0,-71.777
8.067999839782715,0.0,-71.777
8.077999830245972,0.0,-71.777
8.087999820709229,0.0,-70.312
8.097999811172485,0.0,-71.777
8.107999801635742,0.0,-70.312
8.117999792098999,0.0,-70.312
8.127999782562256,0.0,-71.777
8.137999773025513,0.0,-71.777
8.148000001907349,0.0,-70.312
8.156999826431274,0.0,-70.312
8.167999982833862,0.0,-71.777
8.17799997329712,0.0,-71.777
8.186999797821045,0.0,-71.777
8.197999954223633,0.0,-73.242
8.206999778747559,0.0,-71.777
8.216999769210815,0.0,-71.777
8.226999998092651,0.0,-71.777
8.236999988555908,0.0,-71.777
8.246999979019165,0.0,-70.312
8.256999969482422,0.0,-71.777
8.266999959945679,0.0,-73.242
8.275999784469604,0.0,-73.242
8.285999774932861,0.0,-71.777
8.29699993133545,0.0,-73.242
8.305999994277954,0.0,-73.242
8.315999984741211,0.0,-71.777
8.325999975204468,0.0,-71.777
8.335999965667725,0.0,-70.312
8.345999956130981,0.0,-73.242
8.354999780654907,0.0,-71.777
8.365999937057495,0.0,-71.777
8.378999948501587,0.0,-71.777
8.384999990463257,0.0,-71.777
8.394999980926514,0.0,-71.777
8.40499997138977,0.0,-71.777
8.414999961853027,0.0,-71.777
8.424999952316284,0.0,-71.777
8.434999942779541,0.0,-71.777
8.444999933242798,0.0,-71.777
8.454999923706055,0.0,-71.777
8.46399998664856,0.0,-71.777
8.473999977111816,0.0,-71.777
8.484999895095825,0.0,-71.777
8.49399995803833,0.0,-71.777
8.503999948501587,0.0,-70.312
8.513999938964844,0.0,-70.312
8.5239999294281,0.0,-70.312
8.533999919891357,0.0,-70.312
8.542999982833862,0.0,-70.312
8.55299997329712,0.0,-70.312
8.562999963760376,0.0,-70.312
8.572999954223633,0.0,-70.312
8.58299994468689,0.0,-70.312
8.592999935150146,0.0,-70.312
8.602999925613403,0.0,-70.312
8.61299991607666,0.0,-70.312
8.622999906539917,0.0,-70.312
8.632999897003174,0.0,-70.312
8.641999959945679,0.0,-70.312
8.652999877929688,0.0,-68.847
8.661999940872192,0.0,-68.847
8.67199993133545,0.0,-68.847
8.681999921798706,0.0,-68.847
8.691999912261963,0.0,-70.312
8.70199990272522,0.0,-70.312
8.711999893188477,0.0,-68.847
8.721999883651733,0.0,-70.312
8.732999801635742,0.0,-71.777
8.740999937057495,0.0,-68.847
8.751999855041504,0.0,-68.847
8.760999917984009,0.0,-68.847
8.770999908447266,0.0,-70.312
8.780999898910522,0.0,-68.847
8.79099988937378,0.0,-68.847
8.800999879837036,0.0,-68.847
8.810999870300293,0.0,-68.847
8.82099986076355,0.0,-67.382
8.829999923706055,0.0,-67.382
8.839999914169312,0.0,-67.382
8.849999904632568,0.0,-67.382
8.859999895095825,0.0,-67.382
8.869999885559082,0.0,-67.382
8.879999876022339,0.0,-67.382
8.889999866485596,0.0,-67.382
8.899999856948853,0.0,-67.382
8.90999984741211,0.0,-67.382
8.919999837875366,0.0,-67.382
8.928999900817871,0.0,-67.382
8.938999891281128,0.0,-67.382
8.948999881744385,0.0,-67.382
8.958999872207642,0.0,-67.382
8.968999862670898,0.0,-65.917
8.980999946594238,0.0,-65.917
8.988999843597412,0.0,-65.917
8.998999834060669,0.0,-65.917
9.008999824523926,0.0,-65.917
9.018999814987183,0.0,-65.917
9.02899980545044,0.0,-65.917
9.038999795913696,0.0,-65.917
9.048999786376953,0.0,-65.917
9.057999849319458,0.0,-67.382
9.067999839782715,0.0,-67.382
9.078999996185303,0.0,-65.917
9.087999820709229,0.0,-65.917
9.097999811172485,0.0,-65.917
9.110999822616577,0.0,-65.917
9.117999792098999,0.0,-65.917
9.127999782562256,0.0,-65.917
9.13699984550476,0.0,-67.382
9.148000001907349,0.0,-68.847
9.156999826431274,0.0,-65.917
9.166999816894531,0.0,-65.917
9.176999807357788,0.0,-67.382
9.186999797821045,0.0,-65.917
9.196999788284302,0.0,-64.453
9.206999778747559,0.0,-64.453
9.216999769210815,0.0,-65.917
9.226999998092651,0.0,-67.382
9.235999822616577,0.0,-64.453
9.245999813079834,0.0,-64.453
9.25599980354309,0.0,-64.453
9.265999794006348,0.0,-64.453
9.275999784469604,0.0,-64.453
9.285999774932861,0.0,-64.453
9.296000003814697,0.0,-64.453
9.305999994277954,0.0,-64.453
9.315999984741211,0.0,-64.453
9.325999975204468,0.0,-64.453
9.335999965667725,0.0,-64.453
9.345999956130981,0.0,-64.453
9.355999946594238,0.0,-64.453
9.364999771118164,0.0,-64.453
9.375,0.0,-62.988
9.384999990463257,0.0,-62.988
9.394999980926514,0.0,-62.988
9.40499997138977,0.0,-62.988
9.414999961853027,0.0,-62.988
9.424999952316284,0.0,-62.988
9.43399977684021,0.0,-62.988
9.443999767303467,0.0,-62.988
9.453999996185303,0.0,-62.988
9.46399998664856,0.0,-62.988
9.473999977111816,0.0,-62.988
9.483999967575073,0.0,-62.988
9.49399995803833,0.0,-62.988
9.503999948501587,0.0,-62.988
9.513999938964844,0.0,-62.988
9.5239999294281,0.0,-61.523
9.532999992370605,0.0,-62.988
9.542999982833862,0.0,-62.988
9.55299997329712,0.0,-61.523
9.562999963760376,0.0,-61.523
9.572999954223633,0.0,-61.523
9.58299994468689,0.0,-61.523
9.592999935150146,0.0,-61.523
9.602999925613403,0.0,-61.523
9.61299991607666,0.0,-62.988
9.622999906539917,0.0,-62.988
9.632999897003174,0.0,-62.988
9.641999959945679,0.0,-62.988
9.651999950408936,0.0,-61.523
9.661999940872192,0.0,-61.523
9.67199993133545,0.0,-61.523
9.681999921798706,0.0,-60.058
9.691999912261963,0.0,-61.523
9.70199990272522,0.0,-61.523
9.711999893188477,0.0,-61.523
9.721999883651733,0.0,-61.523
9.730999946594238,0.0,-60.058
9.740999937057495,0.0,-60.058
9.750999927520752,0.0,-60.058
9.760999917984009,0.0,-60.058
9.770999908447266,0.0,-60.058
9.780999898910522,0.0,-60.058
9.79099988937378,0.0,-60.058
9.800999879837036,0.0,-60.058
9.810999870300293,0.0,-60.058
9.82099986076355,0.0,-60.058
9.829999923706055,0.0,-60.058
9.839999914169312,0.0,-60.058
9.849999904632568,0.0,-60.058
9.859999895095825,0.0,-60.058
9.869999885559082,0.0,-60.058
9.879999876022339,0.0,-60.058
9.889999866485596,0.0,-60.058
9.899999856948853,0.0,-60.058
9.90999984741211,0.0,-58.593
9.919999837875366,0.0,-58.593
9.929999828338623,0.0,-58.593
9.93999981880188,0.0,-58.593
9.949999809265137,0.0,-58.593
9.958999872207642,0.0,-58.593
9.972999811172485,0.0,-58.593
9.978999853134155,0.0,-58.593
9.989999771118164,0.0,-58.593
9.998999834060669,0.0,-58.593
10.008999824523926,0.0,-58.593
10.018999814987183,0.0,-58.593
10.02899980545044,0.0,-60.058
10.038999795913696,0.0,-58.593
10.048999786376953,0.0,-58.593
10.05899977684021,0.0,-58.593
10.067999839782715,0.0,-57.128
10.077999830245972,0.0,-57.128
10.087999820709229,0.0,-57.128
10.097999811172485,0.0,-57.128
10.108999967575073,0.0,-57.128
10.117999792098999,0.0,-58.593
10.126999855041504,0.0,-60.058
10.137999773025513,0.0,-58.593
10.146999835968018,0.0,-58.593
10.156999826431274,0.0,-58.593
10.166999816894531,0.0,-57.128
10.176999807357788,0.0,-57.128
10.186999797821045,0.0,-57.128
10.196999788284302,0.0,-57.128
10.206999778747559,0.0,-58.593
10.216999769210815,0.0,-57.128
10.226999998092651,0.0,-57.128
10.236999988555908,0.0,-57.128
10.246999979019165,0.0,-57.128
10.25599980354309,0.0,-55.664
10.265999794006348,0.0,-55.664
10.275999784469604,0.0,-55.664
10.285999774932861,0.0,-55.664
10.296000003814697,0.0,-55.664
10.305999994277954,0.0,-55.664
10.315999984741211,0.0,-55.664
10.324999809265137,0.0,-55.664
10.334999799728394,0.0,-55.664
10.34499979019165,0.0,-55.664
10.354999780654907,0.0,-55.664
10.364999771118164,0.0,-55.664
10.375,0.0,-55.664
10.384999990463257,0.0,-55.664
10.394999980926514,0.0,-55.664
10.40499997138977,0.0,-55.664
10.414999961853027,0.0,-55.664
10.423999786376953,0.0,-55.664
10.43399977684021,0.0,-55.664
10.443999767303467,0.0,-55.664
10.453999996185303,0.0,-54.199
10.46399998664856,0.0,-54.199
10.473999977111816,0.0,-54.199
10.483999967575073,0.0,-54.199
10.49399995803833,0.0,-54.199
10.503999948501587,0.0,-54.199
10.513999938964844,0.0,-54.199
10.523000001907349,0.0,-54.199
10.532999992370605,0.0,-54.199
10.542999982833862,0.0,-54.199
10.55299997329712,0.0,-54.199
10.562999963760376,0.0,-54.199
10.572999954223633,0.0,-54.199
10.58299994468689,0.0,-54.199
10.592999935150146,0.0,-54.199
10.602999925613403,0.0,-54.199
10.61299991607666,0.0,-54.199
10.621999979019165,0.0,-52.734
10.631999969482422,0.0,-54.199
10.641999959945679,0.0,-54.199
10.651999950408936,0.0,-52.734
10.661999940872192,0.0,-54.199
10.67199993133545,0.0,-55.664
10.681999921798706,0.0,-55.664
10.691999912261963,0.0,-54.199
10.70199990272522,0.0,-52.734
10.711999893188477,0.0,-52.734
10.720999956130981,0.0,-52.734
10.730999946594238,0.0,-52.734
10.740999937057495,0.0,-52.734
10.750999927520752,0.0,-54.199
10.760999917984009,0.0,-54.199
10.770999908447266,0.0,-52.734
10.780999898910522,0.0,-52.734
10.79099988937378,0.0,-52.734
10.800999879837036,0.0,-52.734
10.810999870300293,0.0,-52.734
10.819999933242798,0.0,-52.734
10.829999923706055,0.0,-52.734
10.839999914169312,0.0,-51.269
10.849999904632568,0.0,-52.734
10.859999895095825,0.0,-51.269
10.869999885559082,0.0,-51.269
10.879999876022339,0.0,-51.269
10.889999866485596,0.0,-51.269
10.899999856948853,0.0,-51.269
10.90999984741211,0.0,-51.269
10.918999910354614,0.0,-51.269
10.928999900817871,0.0,-51.269
10.938999891281128,0.0,-51.269
10.948999881744385,0.0,-51.269
10.958999872207642,0.0,-51.269
10.968999862670898,0.0,-51.269
10.978999853134155,0.0,-51.269
10.988999843597412,0.0,-51.269
10.998999834060669,0.0,-51.269
11.008999824523926,0.0,-51.269
11.01799988746643,0.0,-51.269
11.027999877929688,0.0,-49.804
11.037999868392944,0.0,-49.804
11.047999858856201,0.0,-49.804
11.057999849319458,0.0,-51.269
11.067999839782715,0.0,-49.804
11.077999830245972,0.0,-49.804
11.087999820709229,0.0,-49.804
11.097999811172485,0.0,-49.804
11.107999801635742,0.0,-49.804
11.116999864578247,0.0,-49.804
11.126999855041504,0.0,-49.804
11.13699984550476,0.0,-49.804
11.146999835968018,0.0,-51.269
11.156999826431274,0.0,-49.804
11.166999816894531,0.0,-49.804
11.176999807357788,0.0,-49.804
11.186999797821045,0.0,-49.804
11.196999788284302,0.0,-49.804
11.206999778747559,0.0,-49.804
11.215999841690063,0.0,-49.804
11.22599983215332,0.0,-49.804
11.235999822616577,0.0,-49.804
11.245999813079834,0.0,-49.804
11.25599980354309,0.0,-51.269
11.265999794006348,0.0,-51.269
11.275999784469604,0.0,-51.269
11.285999774932861,0.0,-48.339
11.296000003814697,0.0,-48.339
11.305999994277954,0.0,-48.339
11.31499981880188,0.0,-48.339
11.324999809265137,0.0,-48.339
11.334999799728394,0.0,-48.339
11.34499979019165,0.0,-48.339
11.354999780654907,0.0,-49.804
11.364999771118164,0.0,-49.804
11.375,0.0,-48.339
11.384999990463257,0.0,-48.339
11.394999980926514,0.0,-48.339
11.40499997138977,0.0,-48.339
11.413999795913696,0.0,-48.339
11.423999786376953,0.0,-48.339
11.43399977684021,0.0,-48.339
11.443999767303467,0.0,-48.339
11.453999996185303,0.0,-48.339
11.46399998664856,0.0,-48.339
11.473999977111816,0.0,-46.875
11.483999967575073,0.0,-48.339
11.49399995803833,0.0,-46.875
11.503999948501587,0.0,-46.875
11.512999773025513,0.0,-46.875
11.523000001907349,0.0,-46.875
11.532999992370605,0.0,-46.875
11.542999982833862,0.0,-46.875
11.55299997329712,0.0,-46.875
11.562999963760376,0.0,-46.875
11.572999954223633,0.0,-46.875
11.58299994468689,0.0,-46.875
11.592999935150146,0.0,-46.875
11.602999925613403,0.0,-46.875
11.611999988555908,0.0,-46.875
11.621999979019165,0.0,-46.875
11.631999969482422,0.0,-46.875
11.641999959945679,0.0,-45.41
11.651999950408936,0.0,-45.41
11.661999940872192,0.0,-45.41
11.67199993133545,0.0,-45.41
11.681999921798706,0.0,-46.875
11.691999912261963,0.0,-45.41
11.70199990272522,0.0,-45.41
11.710999965667725,0.0,-45.41
11.720999956130981,0.0,-45.41
11.730999946594238,0.0,-45.41
11.740999937057495,0.0,-45.41
11.750999927520752,0.0,-45.41
11.760999917984009,0.0,-45.41
11.770999908447266,0.0,-45.41
11.780999898910522,0.0,-46.875
11.79099988937378,0.0,-45.41
11.800999879837036,0.0,-45.41
11.810999870300293,0.0,-45.41
11.82099986076355,0.0,-45.41
11.830999851226807,0.0,-45.41
11.840999841690063,0.0,-45.41
11.85099983215332,0.0,-43.945
11.859999895095825,0.0,-43.945
11.869999885559082,0.0,-43.945
11.879999876022339,0.0,-43.945
11.889999866485596,0.0,-43.945
11.899999856948853,0.0,-45.41
11.908999919891357,0.0,-46.875
11.918999910354614,0.0,-46.875
11.928999900817871,0.0,-45.41
11.938999891281128,0.0,-43.945
11.948999881744385,0.0,-43.945
11.958999872207642,0.0,-43.945
11.968999862670898,0.0,-43.945
11.978999853134155,0.0,-43.945
11.988999843597412,0.0,-43.945
11.998999834060669,0.0,-43.945
12.008999824523926,0.0,-46.875
12.01799988746643,0.0,-43.945
12.027999877929688,0.0,-43.945
12.037999868392944,0.0,-43.945
12.047999858856201,0.0,-43.945
12.057999849319458,0.0,-43.945
12.067999839782715,0.0,-42.48
12.077999830245972,0.0,-42.48
12.087999820709229,0.0,-43.945
12.097999811172485,0.0,-42.48
12.107999801635742,0.0,-42.48
12.116999864578247,0.0,-42.48
12.126999855041504,0.0,-42.48
12.13699984550476,0.0,-42.48
12.146999835968018,0.0,-42.48
12.156999826431274,0.0,-42.48
12.166999816894531,0.0,-42.48
12.176999807357788,0.0,-42.48
12.186999797821045,0.0,-42.48
12.196999788284302,0.0,-42.48
12.206999778747559,0.0,-42.48
12.215999841690063,0.0,-42.48
12.22599983215332,0.0,-42.48
12.235999822616577,0.0,-42.48
12.245999813079834,0.0,-42.48
12.25599980354309,0.0,-42.48
12.265999794006348,0.0,-42.48
12.275999784469604,0.0,-42.48
12.285999774932861,0.0,-42.48
12.296000003814697,0.0,-41.015
12.305999994277954,0.0,-41.015
12.31499981880188,0.0,-41.015
12.324999809265137,0.0,-41.015
12.334999799728394,0.0,-41.015
12.34499979019165,0.0,-41.015
12.354999780654907,0.0,-41.015
12.364999771118164,0.0,-41.015
12.375,0.0,-41.015
12.384999990463257,0.0,-41.015
12.394999980926514,0.0,-41.015
12.40499997138977,0.0,-41.015
12.413999795913696,0.0,-41.015
12.423999786376953,0.0,-41.015
12.43399977684021,0.0,-41.015
12.443999767303467,0.0,-41.015
12.453999996185303,0.0,-41.015
12.46399998664856,0.0,-41.015
12.473999977111816,0.0,-41.015
12.483999967575073,0.0,-41.015
12.49399995803833,0.0,-41.015
12.503999948501587,0.0,-41.015
12.512999773025513,0.0,-41.015
12.523000001907349,0.0,-41.015
12.532999992370605,0.0,-41.015
12.542999982833862,0.0,-39.55
12.55299997329712,0.0,-39.55
12.562999963760376,0.0,-39.55
12.572999954223633,0.0,-39.55
12.58299994468689,0.0,-39.55
12.592999935150146,0.0,-39.55
12.602999925613403,0.0,-39.55
12.611999988555908,0.0,-39.55
12.621999979019165,0.0,-42.48
12.631999969482422,0.0,-42.48
12.641999959945679,0.0,-41.015
12.651999950408936,0.0,-39.55
12.661999940872192,0.0,-39.55
12.67199993133545,0.0,-39.55
12.681999921798706,0.0,-39.55
12.691999912261963,0.0,-39.55
12.70199990272522,0.0,-39.55
12.711999893188477,0.0,-38.085
12.720999956130981,0.0,-39.55
12.730999946594238,0.0,-39.55
12.740999937057495,0.0,-39.55
12.750999927520752,0.0,-39.55
12.760999917984009,0.0,-39.55
12.770999908447266,0.0,-39.55
12.780999898910522,0.0,-38.085
12.79099988937378,0.0,-38.085
12.800999879837036,0.0,-38.085
12.810999870300293,0.0,-38.085
12.819999933242798,0.0,-38.085
12.829999923706055,0.0,-38.085
12.839999914169312,0.0,-38.085
12.849999904632568,0.0,-38.085
12.859999895095825,0.0,-38.085
12.869999885559082,0.0,-38.085
12.879999876022339,0.0,-38.085
12.889999866485596,0.0,-38.085
12.899999856948853,0.0,-38.085
12.908999919891357,0.0,-38.085
12.918999910354614,0.0,-38.085
12.928999900817871,0.0,-38.085
12.938999891281128,0.0,-38.085
12.948999881744385,0.0,-38.085
12.958999872207642,0.0,-38.085
12.968999862670898,0.0,-38.085
12.978999853134155,0.0,-38.085
12.988999843597412,0.0,-38.085
12.998999834060669,0.0,-38.085
13.009999990463257,0.0,-36.621
13.01799988746643,0.0,-38.085
13.02899980545044,0.0,-36.621
13.037999868392944,0.0,-36.621
13.050999879837036,0.0,-36.621
13.057999849319458,0.0,-36.621
13.067999839782715,0.0,-36.621
13.077999830245972,0.0,-36.621
13.087999820709229,0.0,-36.621
13.097999811172485,0.0,-36.621
13.107999801635742,0.0,-36.621
13.117999792098999,0.0,-36.621
13.127999782562256,0.0,-36.621
13.13699984550476,0.0,-36.621
13.146999835968018,0.0,-36.621
13.156999826431274,0.0,-36.621
13.166999816894531,0.0,-36.621
13.176999807357788,0.0,-36.621
13.186999797821045,0.0,-36.621
13.196999788284302,0.0,-36.621
13.206999778747559,0.0,-36.621
13.216999769210815,0.0,-36.621
13.226999998092651,0.0,-36.621
13.235999822616577,0.0,-36.621
13.245999813079834,0.0,-36.621
13.25599980354309,0.0,-35.156
13.265999794006348,0.0,-36.621
13.275999784469604,0.0,-35.156
13.285999774932861,0.0,-36.621
13.296000003814697,0.0,-36.621
13.304999828338623,0.0,-35.156
13.31499981880188,0.0,-35.156
13.324999809265137,0.0,-35.156
13.334999799728394,0.0,-35.156
13.34499979019165,0.0,-35.156
13.354999780654907,0.0,-35.156
13.364999771118164,0.0,-35.156
13.375,0.0,-35.156
13.384999990463257,0.0,-35.156
13.394999980926514,0.0,-35.156
13.40399980545044,0.0,-35.156
13.413999795913696,0.0,-35.156
13.423999786376953,0.0,-35.156
13.434999942779541,0.0,-36.621
13.443999767303467,0.0,-36.621
13.453999996185303,0.0,-36.621
13.46399998664856,0.0,-35.156
13.473999977111816,0.0,-35.156
13.483999967575073,0.0,-33.691
13.49399995803833,0.0,-33.691
13.502999782562256,0.0,-33.691
13.512999773025513,0.0,-33.691
13.523000001907349,0.0,-33.691
13.532999992370605,0.0,-33.691
13.542999982833862,0.0,-35.156
13.553999900817871,0.0,-36.621
13.562999963760376,0.0,-35.156
13.572999954223633,0.0,-33.691
13.58299994468689,0.0,-33.691
13.592999935150146,0.0,-33.691
13.602999925613403,0.0,-33.691
13.61299991607666,0.0,-33.691
13.622999906539917,0.0,-33.691
13.632999897003174,0.0,-33.691
13.641999959945679,0.0,-33.691
13.651999950408936,0.0,-33.691
13.661999940872192,0.0,-33.691
13.67199993133545,0.0,-33.691
13.681999921798706,0.0,-33.691
13.691999912261963,0.0,-33.691
13.70199990272522,0.0,-33.691
13.710999965667725,0.0,-32.226
13.720999956130981,0.0,-33.691
13.730999946594238,0.0,-32.226
13.740999937057495,0.0,-32.226
13.750999927520752,0.0,-32.226
13.760999917984009,0.0,-32.226
13.770999908447266,0.0,-32.226
13.780999898910522,0.0,-32.226
13.79099988937378,0.0,-32.226
13.800999879837036,0.0,-32.226
13.809999942779541,0.0,-32.226
13.819999933242798,0.0,-32.226
13.829999923706055,0.0,-32.226
13.839999914169312,0.0,-32.226
13.849999904632568,0.0,-32.226
13.859999895095825,0.0,-32.226
13.869999885559082,0.0,-32.226
13.879999876022339,0.0,-32.226
13.890999794006348,0.0,-32.226
13.8989999294281,0.0,-32.226
13.908999919891357,0.0,-32.226
13.918999910354614,0.0,-32.226
13.928999900817871,0.0,-32.226
13.938999891281128,0.0,-32.226
13.948999881744385,0.0,-32.226
13.958999872207642,0.0,-32.226
13.968999862670898,0.0,-32.226
13.978999853134155,0.0,-32.226
13.988999843597412,0.0,-32.226
13.998999834060669,0.0,-30.761
14.007999897003174,0.0,-30.761
14.01799988746643,0.0,-30.761
14.027999877929688,0.0,-32.226
14.037999868392944,0.0,-30.761
14.047999858856201,0.0,-30.761
14.057999849319458,0.0,-32.226
14.067999839782715,0.0,-30.761
14.077999830245972,0.0,-30.761
14.087999820709229,0.0,-30.761
14.097999811172485,0.0,-30.761
14.107999801635742,0.0,-30.761
14.117999792098999,0.0,-30.761
14.126999855041504,0.0,-30.761
14.13699984550476,0.0,-30.761
14.146999835968018,0.0,-30.761
14.156999826431274,0.0,-30.761
14.166999816894531,0.0,-30.761
14.176999807357788,0.0,-30.761
14.186999797821045,0.0,-30.761
14.196999788284302,0.0,-30.761
14.206999778747559,0.0,-30.761
14.215999841690063,0.0,-30.761
14.22599983215332,0.0,-30.761
14.236999988555908,0.0,-30.761
14.245999813079834,0.0,-29.296
14.25599980354309,0.0,-30.761
14.265999794006348,0.0,-30.761
14.275999784469604,0.0,-30.761
14.285999774932861,0.0,-29.296
14.296000003814697,0.0,-29.296
14.304999828338623,0.0,-29.296
14.31499981880188,0.0,-29.296
14.324999809265137,0.0,-29.296
14.334999799728394,0.0,-29.296
14.34499979019165,0.0,-29.296
14.354999780654907,0.0,-29.296
14.364999771118164,0.0,-30.761
14.375,0.0,-30.761
14.384999990463257,0.0,-29.296
14.394999980926514,0.0,-29.296
14.40399980545044,0.0,-29.296
14.413999795913696,0.0,-29.296
14.423999786376953,0.0,-29.296
14.43399977684021,0.0,-29.296
14.443999767303467,0.0,-29.296
14.453999996185303,0.0,-27.832
14.46399998664856,0.0,-27.832
14.473999977111816,0.0,-27.832
14.483999967575073,0.0,-27.832
14.49399995803833,0.0,-27.832
14.502999782562256,0.0,-29.296
14.512999773025513,0.0,-29.296
14.523000001907349,0.0,-29.296
14.532999992370605,0.0,-29.296
14.543999910354614,0.0,-29.296
14.55299997329712,0.0,-27.832
14.562999963760376,0.0,-27.832
14.572999954223633,0.0,-27.832
14.58299994468689,0.0,-27.832
14.592999935150146,0.0,-27.832
14.601999998092651,0.0,-27.832
14.611999988555908,0.0,-27.832
14.621999979019165,0.0,-27.832
14.631999969482422,0.0,-27.832
14.641999959945679,0.0,-27.832
14.651999950408936,0.0,-27.832
14.661999940872192,0.0,-27.832
14.67199993133545,0.0,-27.832
14.681999921798706,0.0,-27.832
14.691999912261963,0.0,-27.832
14.700999975204468,0.0,-27.832
14.710999965667725,0.0,-27.832
14.720999956130981,0.0,-26.367
14.730999946594238,0.0,-26.367
14.740999937057495,0.0,-27.832
14.750999927520752,0.0,-26.367
14.760999917984009,0.0,-26.367
14.770999908447266,0.0,-26.367
14.780999898910522,0.0,-26.367
14.79099988937378,0.0,-26.367
14.799999952316284,0.0,-26.367
14.809999942779541,0.0,-26.367
14.819999933242798,0.0,-26.367
14.830999851226807,0.0,-26.367
14.840999841690063,0.0,-26.367
14.849999904632568,0.0,-26.367
14.859999895095825,0.0,-26.367
14.869999885559082,0.0,-26.367
14.879999876022339,0.0,-26.367
14.888999938964844,0.0,-26.367
14.899999856948853,0.0,-26.367
14.908999919891357,0.0,-26.367
14.918999910354614,0.0,-26.367
14.932999849319458,0.0,-26.367
14.938999891281128,0.0,-26.367
14.948999881744385,0.0,-26.367
14.958999872207642,0.0,-26.367
14.968999862670898,0.0,-26.367
14.978999853134155,0.0,-26.367
14.98799991607666,0.0,-26.367
14.997999906539917,0.0,-26.367
15.007999897003174,0.0,-26.367
15.01799988746643,0.0,-26.367
15.027999877929688,0.0,-26.367
15.037999868392944,0.0,-26.367
15.047999858856201,0.0,-24.902
15.057999849319458,0.0,-24.902
15.067999839782715,0.0,-24.902
15.077999830245972,0.0,-24.902
15.086999893188477,0.0,-24.902
15.096999883651733,0.0,-24.902
15.10699987411499,0.0,-24.902
15.116999864578247,0.0,-24.902
15.126999855041504,0.0,-24.902
15.13699984550476,0.0,-24.902
15.146999835968018,0.0,-24.902
15.156999826431274,0.0,-24.902
15.166999816894531,0.0,-24.902
15.176999807357788,0.0,-24.902
15.185999870300293,0.0,-24.902
15.19599986076355,0.0,-24.902
15.205999851226807,0.0,-24.902
15.215999841690063,0.0,-24.902
15.22599983215332,0.0,-24.902
15.235999822616577,0.0,-24.902
15.245999813079834,0.0,-24.902
15.25599980354309,0.0,-24.902
15.265999794006348,0.0,-24.902
15.275999784469604,0.0,-24.902
15.28499984741211,0.0,-24.902
15.294999837875366,0.0,-24.902
15.304999828338623,0.0,-24.902
15.31499981880188,0.0,-24.902
15.324999809265137,0.0,-24.902
15.334999799728394,0.0,-24.902
15.34499979019165,0.0,-24.902
15.354999780654907,0.0,-24.902
15.364999771118164,0.0,-23.437
15.375,0.0,-23.437
15.384999990463257,0.0,-23.437
15.394999980926514,0.0,-23.437
15.40499997138977,0.0,-23.437
15.414999961853027,0.0,-23.437
15.424999952316284,0.0,-23.437
15.43399977684021,0.0,-23.437
15.443999767303467,0.0,-23.437
15.453999996185303,0.0,-23.437
15.46399998664856,0.0,-23.437
15.473999977111816,0.0,-23.437
15.482999801635742,0.0,-23.437
15.492999792098999,0.0,-23.437
15.502999782562256,0.0,-23.437
15.512999773025513,0.0,-23.437
15.523000001907349,0.0,-23.437
15.532999992370605,0.0,-23.437
15.542999982833862,0.0,-23.437
15.55299997329712,0.0,-23.437
15.562999963760376,0.0,-23.437
15.572999954223633,0.0,-21.972
15.581999778747559,0.0,-21.972
15.591999769210815,0.0,-21.972
15.601999998092651,0.0,-21.972
15.611999988555908,0.0,-21.972
15.621999979019165,0.0,-21.972
15.631999969482422,0.0,-21.972
15.641999959945679,0.0,-21.972
15.651999950408936,0.0,-21.972
15.661999940872192,0.0,-21.972
15.67199993133545,0.0,-21.972
15.680999994277954,0.0,-21.972
15.690999984741211,0.0,-21.972
15.700999975204468,0.0,-21.972
15.710999965667725,0.0,-21.972
15.720999956130981,0.0,-21.972
15.730999946594238,0.0,-21.972
15.740999937057495,0.0,-23.437
15.750999927520752,0.0,-21.972
15.760999917984009,0.0,-21.972
15.770999908447266,0.0,-21.972
15.77999997138977,0.0,-21.972
15.789999961853027,0.0,-21.972
15.799999952316284,0.0,-21.972
15.809999942779541,0.0,-21.972
15.819999933242798,0.0,-21.972
15.829999923706055,0.0,-21.972
15.839999914169312,0.0,-21.972
15.849999904632568,0.0,-21.972
15.859999895095825,0.0,-21.972
15.869999885559082,0.0,-20.507
15.878999948501587,0.0,-20.507
15.888999938964844,0.0,-21.972
15.8989999294281,0.0,-20.507
15.908999919891357,0.0,-20.507
15.918999910354614,0.0,-20.507
15.928999900817871,0.0,-20.507
15.938999891281128,0.0,-20.507
15.948999881744385,0.0,-20.507
15.958999872207642,0.0,-20.507
15.968999862670898,0.0,-20.507
15.977999925613403,0.0,-20.507
15.98799991607666,0.0,-20.507
15.997999906539917,0.0,-20.507
16.007999897003174,0.0,-20.507
16.01799988746643,0.0,-20.507
16.027999877929688,0.0,-20.507
16.037999868392944,0.0,-20.507
16.0479998588562,0.0,-20.507
16.057999849319458,0.0,-20.507
16.067999839782715,0.0,-20.507
16.07699990272522,0.0,-20.507
16.086999893188477,0.0,-20.507
16.096999883651733,0.0,-20.507
16.10699987411499,0.0,-20.507
16.116999864578247,0.0,-20.507
16.126999855041504,0.0,-20.507
16.13699984550476,0.0,-20.507
16.146999835968018,0.0,-20.507
16.156999826431274,0.0,-20.507
16.16699981689453,0.0,-20.507
16.175999879837036,0.0,-20.507
16.185999870300293,0.0,-20.507
16.19599986076355,0.0,-20.507
16.205999851226807,0.0,-20.507
16.215999841690063,0.0,-20.507
16.22599983215332,0.0,-19.042
16.235999822616577,0.0,-20.507
16.245999813079834,0.0,-19.042
16.25599980354309,0.0,-20.507
16.265999794006348,0.0,-19.042
16.275999784469604,0.0,-19.042
16.28499984741211,0.0,-19.042
16.294999837875366,0.0,-19.042
16.304999828338623,0.0,-19.042
16.31499981880188,0.0,-19.042
16.324999809265137,0.0,-19.042
16.334999799728394,0.0,-19.042
16.34499979019165,0.0,-19.042
16.354999780654907,0.0,-19.042
16.364999771118164,0.0,-19.042
16.375,0.0,-19.042
16.383999824523926,0.0,-19.042
16.393999814987183,0.0,-19.042
16.40399980545044,0.0,-19.042
16.413999795913696,0.0,-19.042
16.423999786376953,0.0,-19.042
16.43399977684021,0.0,-19.042
16.443999767303467,0.0,-19.042
16.453999996185303,0.0,-19.042
16.46399998664856,0.0,-19.042
16.473999977111816,0.0,-19.042
16.482999801635742,0.0,-19.042
16.492999792099,0.0,-19.042
16.502999782562256,0.0,-19.042
16.512999773025513,0.0,-19.042
16.52300000190735,0.0,-19.042
16.532999992370605,0.0,-19.042
16.542999982833862,0.0,-19.042
16.55299997329712,0.0,-19.042
16.562999963760376,0.0,-19.042
16.572999954223633,0.0,-19.042
16.58199977874756,0.0,-19.042
16.591999769210815,0.0,-17.578
16.60199999809265,0.0,-19.042
16.611999988555908,0.0,-17.578
16.621999979019165,0.0,-17.578
16.631999969482422,0.0,-17.578
16.64199995994568,0.0,-17.578
16.651999950408936,0.0,-17.578
16.661999940872192,0.0,-17.578
16.67199993133545,0.0,-17.578
16.680999994277954,0.0,-17.578
16.69099998474121,0.0,-17.578
16.700999975204468,0.0,-17.578
16.710999965667725,0.0,-17.578
16.72099995613098,0.0,-17.578
16.73099994659424,0.0,-17.578
16.740999937057495,0.0,-17.578
16.750999927520752,0.0,-17.578
16.76099991798401,0.0,-17.578
16.770999908447266,0.0,-17.578
16.77999997138977,0.0,-17.578
16.789999961853027,0.0,-17.578
16.799999952316284,0.0,-17.578
16.80999994277954,0.0,-17.578
16.819999933242798,0.0,-17.578
16.829999923706055,0.0,-17.578
16.83999991416931,0.0,-17.578
16.84999990463257,0.0,-17.578
16.859999895095825,0.0,-17.578
16.869999885559082,0.0,-17.578
16.878999948501587,0.0,-17.578
16.890999794006348,0.0,-16.113
16.8989999294281,0.0,-17.578
16.911999940872192,0.0,-16.113
16.918999910354614,0.0,-16.113
16.92899990081787,0.0,-16.113
16.938999891281128,0.0,-16.113
16.95199990272522,0.0,-16.113
16.95899987220764,0.0,-16.113
16.9689998626709,0.0,-16.113
16.978999853134155,0.0,-16.113
16.988999843597412,0.0,-16.113
16.997999906539917,0.0,-16.113
17.007999897003174,0.0,-16.113
17.01799988746643,0.0,-16.113
17.027999877929688,0.0,-16.113
17.037999868392944,0.0,-16.113
17.0479998588562,0.0,-16.113
17.057999849319458,0.0,-16.113
17.066999912261963,0.0,-16.113
17.07799983024597,0.0,-16.113
17.08799982070923,0.0,-16.113
17.096999883651733,0.0,-16.113
17.10699987411499,0.0,-16.113
17.116999864578247,0.0,-16.113
17.126999855041504,0.0,-16.113
17.13699984550476,0.0,-16.113
17.146999835968018,0.0,-16.113
17.156999826431274,0.0,-14.648
17.16699981689453,0.0,-16.113
17.176999807357788,0.0,-16.113
17.186999797821045,0.0,-14.648
17.19599986076355,0.0,-14.648
17.20699977874756,0.0,-14.648
17.215999841690063,0.0,-14.648
17.22599983215332,0.0,-14.648
17.235999822616577,0.0,-14.648
17.245999813079834,0.0,-14.648
17.25599980354309,0.0,-14.648
17.265999794006348,0.0,-14.648
17.274999856948853,0.0,-14.648
17.28499984741211,0.0,-14.648
17.294999837875366,0.0,-14.648
17.305999994277954,0.0,-14.648
17.31499981880188,0.0,-14.648
17.324999809265137,0.0,-14.648
17.334999799728394,0.0,-14.648
17.34499979019165,0.0,-14.648
17.354999780654907,0.0,-14.648
17.363999843597412,0.0,-14.648
17.37399983406067,0.0,-14.648
17.383999824523926,0.0,-14.648
17.393999814987183,0.0,-14.648
17.40399980545044,0.0,-14.648
17.413999795913696,0.0,-14.648
17.423999786376953,0.0,-14.648
17.43399977684021,0.0,-14.648
17.443999767303467,0.0,-14.648
17.453999996185303,0.0,-14.648
17.46299982070923,0.0,-14.648
17.472999811172485,0.0,-14.648
17.483999967575073,0.0,-14.648
17.492999792099,0.0,-14.648
17.502999782562256,0.0,-14.648
17.512999773025513,0.0,-14.648
17.52300000190735,0.0,-14.648
17.532999992370605,0.0,-14.648
17.542999982833862,0.0,-14.648
17.55299997329712,0.0,-14.648
17.561999797821045,0.0,-14.648
17.5719997882843,0.0,-14.648
17.58199977874756,0.0,-13.183
17.591999769210815,0.0,-13.183
17.60199999809265,0.0,-14.648
17.611999988555908,0.0,-13.183
17.621999979019165,0.0,-13.183
17.631999969482422,0.0,-13.183
17.64199995994568,0.0,-13.183
17.651999950408936,0.0,-13.183
17.66099977493286,0.0,-13.183
17.671000003814697,0.0,-13.183
17.680999994277954,0.0,-13.183
17.69099998474121,0.0,-13.183
17.700999975204468,0.0,-13.183
17.710999965667725,0.0,-13.183
17.72099995613098,0.0,-13.183
17.73099994659424,0.0,-13.183
17.740999937057495,0.0,-13.183
17.750999927520752,0.0,-13.183
17.759999990463257,0.0,-13.183
17.769999980926514,0.0,-13.183
17.77999997138977,0.0,-13.183
17.789999961853027,0.0,-13.183
17.799999952316284,0.0,-13.183
17.80999994277954,0.0,-13.183
17.819999933242798,0.0,-13.183
17.830999851226807,0.0,-13.183
17.83999991416931,0.0,-13.183
17.84999990463257,0.0,-13.183
17.858999967575073,0.0,-13.183
17.86899995803833,0.0,-13.183
17.878999948501587,0.0,-13.183
17.888999938964844,0.0,-13.183
17.8989999294281,0.0,-13.183
17.908999919891357,0.0,-13.183
17.918999910354614,0.0,-13.183
17.92899990081787,0.0,-13.183
17.938999891281128,0.0,-13.183
17.948999881744385,0.0,-13.183
17.95899987220764,0.0,-13.183
17.967999935150146,0.0,-13.183
17.977999925613403,0.0,-13.183
17.98799991607666,0.0,-13.183
17.997999906539917,0.0,-13.183
18.007999897003174,0.0,-11.718
18.01799988746643,0.0,-13.183
18.027999877929688,0.0,-11.718
18.037999868392944,0.0,-11.718
18.0479998588562,0.0,-11.718
18.056999921798706,0.0,-13.183
18.066999912261963,0.0,-11.718
18.07699990272522,0.0,-11.718
18.086999893188477,0.0,-11.718
18.096999883651733,0.0,-11.718
18.10699987411499,0.0,-11.718
18.116999864578247,0.0,-11.718
18.126999855041504,0.0,-11.718
18.13699984550476,0.0,-11.718
18.146999835968018,0.0,-11.718
18.155999898910522,0.0,-11.718
18.16599988937378,0.0,-11.718
18.175999879837036,0.0,-11.718
18.185999870300293,0.0,-11.718
18.19599986076355,0.0,-11.718
18.205999851226807,0.0,-11.718
18.215999841690063,0.0,-11.718
18.22599983215332,0.0,-11.718
18.235999822616577,0.0,-11.718
18.245999813079834,0.0,-11.718
18.25499987602234,0.0,-11.718
18.264999866485596,0.0,-11.718
18.274999856948853,0.0,-11.718
18.28499984741211,0.0,-11.718
18.294999837875366,0.0,-11.718
18.304999828338623,0.0,-11.718
18.31499981880188,0.0,-11.718
18.324999809265137,0.0,-11.718
18.334999799728394,0.0,-11.718
18.34499979019165,0.0,-11.718
18.353999853134155,0.0,-11.718
18.363999843597412,0.0,-11.718
18.37399983406067,0.0,-11.718
18.383999824523926,0.0,-11.718
18.393999814987183,0.0,-11.718
18.40399980545044,0.0,-11.718
18.413999795913696,0.0,-11.718
18.423999786376953,0.0,-11.718
18.43399977684021,0.0,-11.718
18.443999767303467,0.0,-11.718
18.45299983024597,0.0,-11.718
18.46299982070923,0.0,-11.718
18.472999811172485,0.0,-11.718
18.482999801635742,0.0,-11.718
18.492999792099,0.0,-11.718
18.502999782562256,0.0,-11.718
18.512999773025513,0.0,-11.718
18.52300000190735,0.0,-11.718
18.53599977493286,0.0,-10.253
18.542999982833862,0.0,-11.718
18.551999807357788,0.0,-11.718
18.561999797821045,0.0,-11.718
18.572999954223633,0.0,-10.253
18.58199977874756,0.0,-11.718
18.591999769210815,0.0,-10.253
18.60199999809265,0.0,-10.253
18.611999988555908,0.0,-10.253
18.621999979019165,0.0,-10.253
18.631999969482422,0.0,-10.253
18.64199995994568,0.0,-10.253
18.651999950408936,0.0,-10.253
18.661999940872192,0.0,-10.253
18.67199993133545,0.0,-10.253
18.680999994277954,0.0,-10.253
18.69099998474121,0.0,-10.253
18.700999975204468,0.0,-10.253
18.710999965667725,0.0,-10.253
18.72099995613098,0.0,-10.253
18.73099994659424,0.0,-10.253
18.740999937057495,0.0,-10.253
18.750999927520752,0.0,-10.253
18.76099991798401,0.0,-10.253
18.770999908447266,0.0,-10.253
18.77999997138977,0.0,-10.253
18.789999961853027,0.0,-10.253
18.799999952316284,0.0,-10.253
18.80999994277954,0.0,-10.253
18.819999933242798,0.0,-10.253
18.829999923706055,0.0,-10.253
18.83999991416931,0.0,-10.253
18.84999990463257,0.0,-10.253
18.859999895095825,0.0,-10.253
18.869999885559082,0.0,-10.253
18.878999948501587,0.0,-10.253
18.888999938964844,0.0,-10.253
18.8989999294281,0.0,-10.253
18.908999919891357,0.0,-10.253
18.918999910354614,0.0,-10.253
18.92899990081787,0.0,-10.253
18.938999891281128,0.0,-10.253
18.947999954223633,0.0,-10.253
18.95899987220764,0.0,-10.253
18.9689998626709,0.0,-10.253
18.977999925613403,0.0,-10.253
18.98799991607666,0.0,-10.253
18.997999906539917,0.0,-10.253
19.007999897003174,0.0,-10.253
19.01799988746643,0.0,-8.789
19.027999877929688,0.0,-10.253
19.037999868392944,0.0,-8.789
19.0479998588562,0.0,-8.789
19.057999849319458,0.0,-8.789
19.067999839782715,0.0,-8.789
19.07699990272522,0.0,-8.789
19.086999893188477,0.0,-8.789
19.097999811172485,0.0,-8.789
19.10699987411499,0.0,-8.789
19.116999864578247,0.0,-8.789
19.126999855041504,0.0,-8.789
19.13699984550476,0.0,-8.789
19.146999835968018,0.0,-8.789
19.155999898910522,0.0,-8.789
19.16599988937378,0.0,-8.789
19.175999879837036,0.0,-8.789
19.185999870300293,0.0,-8.789
19.19599986076355,0.0,-8.789
19.205999851226807,0.0,-8.789
19.215999841690063,0.0,-8.789
19.22599983215332,0.0,-8.789
19.235999822616577,0.0,-8.789
19.245999813079834,0.0,-8.789
19.25499987602234,0.0,-8.789
19.264999866485596,0.0,-8.789
19.274999856948853,0.0,-8.789
19.28499984741211,0.0,-8.789
19.294999837875366,0.0,-8.789
19.304999828338623,0.0,-8.789
19.31499981880188,0.0,-8.789
19.324999809265137,0.0,-7.324
19.334999799728394,0.0,-8.789
19.34499979019165,0.0,-7.324
19.353999853134155,0.0,-7.324
19.363999843597412,0.0,-7.324
19.37399983406067,0.0,-7.324
19.383999824523926,0.0,-7.324
19.393999814987183,0.0,-7.324
19.40399980545044,0.0,-7.324
19.413999795913696,0.0,-7.324
19.423999786376953,0.0,-7.324
19.43399977684021,0.0,-7.324
19.443999767303467,0.0,-7.324
19.45299983024597,0.0,-7.324
19.46299982070923,0.0,-7.324
19.472999811172485,0.0,-7.324
19.482999801635742,0.0,-5.859
19.492999792099,0.0,-7.324
19.502999782562256,0.0,-5.859
19.512999773025513,0.0,-5.859
19.52300000190735,0.0,-5.859
19.532999992370605,0.0,-5.859
19.542999982833862,0.0,-5.859
19.551999807357788,0.0,-5.859
19.561999797821045,0.0,-5.859
19.5719997882843,0.0,-5.859
19.58199977874756,0.0,-5.859
19.591999769210815,0.0,-5.859
19.60199999809265,0.0,-5.859
19.611999988555908,0.0,-5.859
19.621999979019165,0.0,-5.859
19.631999969482422,0.0,-5.859
19.64199995994568,0.0,-5.859
19.651999950408936,0.0,-5.859
19.66099977493286,0.0,-5.859
19.671000003814697,0.0,-5.859
19.680999994277954,0.0,-5.859
19.69099998474121,0.0,-5.859
19.700999975204468,0.0,-5.859
19.710999965667725,0.0,-5.859
19.72099995613098,0.0,-5.859
19.73099994659424,0.0,-5.859
19.740999937057495,0.0,-5.859
19.750999927520752,0.0,-5.859
19.759999990463257,0.0,-5.859
19.769999980926514,0.0,-4.394
19.77999997138977,0.0,-5.859
19.789999961853027,0.0,-4.394
19.799999952316284,0.0,-4.394
19.80999994277954,0.0,-4.394
19.819999933242798,0.0,-4.394
19.829999923706055,0.0,-4.394
19.83999991416931,0.0,-4.394
19.84999990463257,0.0,-4.394
19.858999967575073,0.0,-4.394
19.86899995803833,0.0,-4.394
19.878999948501587,0.0,-4.394
19.888999938964844,0.0,-4.394
19.8989999294281,0.0,-4.394
19.908999919891357,0.0,-4.394
19.918999910354614,0.0,-4.394
19.92899990081787,0.0,-4.394
19.938999891281128,0.0,-4.394
19.948999881744385,0.0,-4.394
19.95799994468689,0.0,-4.394
19.967999935150146,0.0,-4.394
19.977999925613403,0.0,-4.394
19.98799991607666,0.0,-4.394
19.997999906539917,0.0,-4.394
20.007999897003174,0.0,-4.394
20.01799988746643,0.0,-4.394
20.027999877929688,0.0,-4.394
20.037999868392944,0.0,-4.394
20.0479998588562,0.0,-4.394
20.056999921798706,0.0,-2.929
20.066999912261963,0.0,-4.394
20.07699990272522,0.0,-2.929
20.086999893188477,0.0,-4.394
20.096999883651733,0.0,-2.929
20.10699987411499,0.0,-2.929
20.116999864578247,0.0,-2.929
20.126999855041504,0.0,-2.929
20.13699984550476,0.0,-2.929
20.146999835968018,0.0,-2.929
20.156999826431274,0.0,-2.929
20.16599988937378,0.0,-2.929
20.175999879837036,0.0,-2.929
20.185999870300293,0.0,-2.929
20.1969997882843,0.0,-2.929
20.205999851226807,0.0,-2.929
20.215999841690063,0.0,-2.929
20.22599983215332,0.0,-2.929
20.235999822616577,0.0,-2.929
20.245999813079834,0.0,-2.929
20.25499987602234,0.0,-2.929
20.264999866485596,0.0,-2.929
20.275999784469604,0.0,-2.929
20.28499984741211,0.0,-2.929
20.294999837875366,0.0,-2.929
20.304999828338623,0.0,-2.929
20.31499981880188,0.0,-2.929
20.324999809265137,0.0,-2.929
20.334999799728394,0.0,-2.929
20.34499979019165,0.0,-2.929
20.353999853134155,0.0,-2.929
20.364999771118164,0.0,-2.929
20.375,0.0,-2.929
20.383999824523926,0.0,-2.929
20.393999814987183,0.0,-2.929
20.40399980545044,0.0,-2.929
20.413999795913696,0.0,-2.929
20.423999786376953,0.0,-1.464
20.43399977684021,0.0,-2.929
20.443999767303467,0.0,-1.464
20.45299983024597,0.0,-1.464
20.46299982070923,0.0,-1.464
20.472999811172485,0.0,-1.464
20.482999801635742,0.0,-1.464
20.492999792099,0.0,-1.464
20.502999782562256,0.0,-1.464
20.512999773025513,0.0,-1.464
20.52300000190735,0.0,-1.464
20.532999992370605,0.0,-1.464
20.542999982833862,0.0,-1.464
20.551999807357788,0.0,-1.464
20.561999797821045,0.0,-1.464
20.5719997882843,0.0,-1.464
20.58199977874756,0.0,-1.464
20.591999769210815,0.0,-1.464
20.60199999809265,0.0,-1.464
20.611999988555908,0.0,-1.464
20.621999979019165,0.0,-1.464
20.631999969482422,0.0,-1.464
20.64199995994568,0.0,-1.464
20.650999784469604,0.0,-1.464
20.66099977493286,0.0,-1.464
20.671000003814697,0.0,-1.464
20.680999994277954,0.0,-1.464
20.69099998474121,0.0,-1.464
20.700999975204468,0.0,-1.464
20.710999965667725,0.0,-1.464
20.72099995613098,0.0,-1.464
20.73099994659424,0.0,-1.464
20.740999937057495,0.0,-1.464
20.75,0.0,-1.464
20.759999990463257,0.0,-1.464
20.769999980926514,0.0,-1.464
20.77999997138977,0.0,-1.464
20.789999961853027,0.0,-1.464
20.799999952316284,0.0,-1.464
20.80999994277954,0.0,-1.464
20.819999933242798,0.0,-1.464
20.829999923706055,0.0,-1.464
20.83999991416931,0.0,-1.464
20.848999977111816,0.0,-1.464
20.858999967575073,0.0,-1.464
20.86899995803833,0.0,-1.464
20.878999948501587,0.0,-1.464
20.888999938964844,0.0,-1.464
20.899999856948853,0.0,0.0
20.908999919891357,0.0,-1.464
20.918999910354614,0.0,0.0
20.92899990081787,0.0,-1.464
20.938999891281128,0.0,0.0
20.948999881744385,0.0,0.0
20.961999893188477,0.0,0.0
20.9689998626709,0.0,0.0
20.978999853134155,0.0,0.0
20.988999843597412,0.0,0.0
20.997999906539917,0.0,0.0
21.007999897003174,0.0,0.0
21.01799988746643,0.0,0.0
21.027999877929688,0.0,0.0
21.036999940872192,0.0,0.0
21.0479998588562,0.0,0.0
21.056999921798706,0.0,0.0
21.066999912261963,0.0,0.0
21.07699990272522,0.0,0.0
21.086999893188477,0.0,0.0
21.096999883651733,0.0,0.0
21.10699987411499,0.0,0.0
21.116999864578247,0.0,0.0
21.126999855041504,0.0,0.0
21.13599991798401,0.0,0.0
21.146999835968018,0.0,0.0
21.155999898910522,0.0,0.0
21.16599988937378,0.0,0.0
21.175999879837036,0.0,0.0
21.185999870300293,0.0,0.0
21.19599986076355,0.0,0.0
21.205999851226807,0.0,0.0
21.215999841690063,0.0,0.0
21.22599983215332,0.0,0.0
21.235999822616577,0.0,0.0
21.245999813079834,0.0,0.0
21.25599980354309,0.0,0.0
21.264999866485596,0.0,0.0
21.274999856948853,0.0,1.464
21.28499984741211,0.0,1.464
21.294999837875366,0.0,2.929
21.304999828338623,0.0,2.929
21.31499981880188,0.0,2.929
21.324999809265137,0.0,4.394
21.33399987220764,0.0,4.394
21.34499979019165,0.0,5.859
21.353999853134155,0.0,5.859
21.363999843597412,0.0,7.324
21.37399983406067,0.0,7.324
21.383999824523926,0.0,8.789
21.393999814987183,0.0,10.253
21.40399980545044,0.0,11.718
21.413999795913696,0.0,11.718
21.423999786376953,0.0,13.183
21.432999849319458,0.0,13.183
21.443999767303467,0.0,14.648
21.453999996185303,0.0,16.113
21.46299982070923,0.0,17.578
21.472999811172485,0.0,19.042
21.482999801635742,0.0,20.507
21.492999792099,0.0,21.972
21.502999782562256,0.0,23.437
21.512999773025513,0.0,24.902
21.52300000190735,0.0,26.367
21.532999992370605,0.0,27.832
21.54199981689453,0.0,29.296
21.551999807357788,0.0,30.761
21.561999797821045,0.0,32.226
21.5719997882843,0.0,35.156
21.58199977874756,0.0,36.621
21.591999769210815,0.0,39.55
21.60199999809265,0.0,41.015
21.611999988555908,0.0,42.48
21.621999979019165,0.0,42.48
21.631999969482422,0.0,43.945
21.64199995994568,0.0,42.48
21.650999784469604,0.0,43.945
21.661999940872192,0.0,42.48
21.671000003814697,0.0,42.48
21.680999994277954,0.0,42.48
21.69099998474121,0.0,42.48
21.700999975204468,0.0,42.48
21.710999965667725,0.0,42.48
21.72099995613098,0.0,42.48
21.73099994659424,0.0,42.48
21.740999937057495,0.0,42.48
21.750999927520752,0.0,42.48
21.76099991798401,0.0,42.48
21.769999980926514,0.0,42.48
21.77999997138977,0.0,42.48
21.789999961853027,0.0,42.48
21.799999952316284,0.0,42.48
21.80999994277954,0.0,42.48
21.819999933242798,0.0,42.48
21.829999923706055,0.0,42.48
21.83999991416931,0.0,42.48
21.848999977111816,0.0,42.48
21.859999895095825,0.0,42.48
21.86899995803833,0.0,42.48
21.878999948501587,0.0,42.48
21.888999938964844,0.0,41.015
21.8989999294281,0.0,41.015
21.908999919891357,0.0,41.015
21.918999910354614,0.0,41.015
21.92899990081787,0.0,41.015
21.937999963760376,0.0,41.015
21.947999954223633,0.0,41.015
21.95799994468689,0.0,41.015
21.967999935150146,0.0,41.015
21.977999925613403,0.0,41.015
21.98799991607666,0.0,41.015
21.997999906539917,0.0,41.015
22.007999897003174,0.0,41.015
22.01799988746643,0.0,41.015
22.027999877929688,0.0,41.015
22.036999940872192,0.0,41.015
22.04699993133545,0.0,41.015
22.056999921798706,0.0,41.015
22.067999839782715,0.0,42.48
22.07699990272522,0.0,42.48
22.086999893188477,0.0,41.015
22.096999883651733,0.0,41.015
22.10699987411499,0.0,39.55
22.116999864578247,0.0,39.55
22.126999855041504,0.0,41.015
22.13599991798401,0.0,39.55
22.145999908447266,0.0,39.55
22.155999898910522,0.0,39.55
22.16599988937378,0.0,39.55
22.175999879837036,0.0,41.015
22.186999797821045,0.0,42.48
22.19599986076355,0.0,41.015
22.205999851226807,0.0,39.55
22.215999841690063,0.0,39.55
22.22599983215332,0.0,39.55
22.234999895095825,0.0,39.55
22.244999885559082,0.0,39.55
22.25499987602234,0.0,39.55
22.264999866485596,0.0,39.55
22.274999856948853,0.0,39.55
22.28499984741211,0.0,39.55
22.294999837875366,0.0,39.55
22.304999828338623,0.0,39.55
22.31499981880188,0.0,39.55
22.324999809265137,0.0,39.55
22.334999799728394,0.0,39.55
22.3439998626709,0.0,39.55
22.353999853134155,0.0,39.55
22.363999843597412,0.0,39.55
22.37399983406067,0.0,38.085
22.383999824523926,0.0,38.085
22.393999814987183,0.0,39.55
22.40399980545044,0.0,38.085
22.413999795913696,0.0,39.55
22.423999786376953,0.0,38.085
22.43399977684021,0.0,38.085
22.442999839782715,0.0,38.085
22.45299983024597,0.0,38.085
22.46299982070923,0.0,38.085
22.472999811172485,0.0,38.085
22.482999801635742,0.0,38.085
22.492999792099,0.0,38.085
22.502999782562256,0.0,38.085
22.512999773025513,0.0,38.085
22.52300000190735,0.0,38.085
22.532999992370605,0.0,38.085
22.54199981689453,0.0,38.085
22.551999807357788,0.0,38.085
22.561999797821045,0.0,38.085
22.5719997882843,0.0,38.085
22.58199977874756,0.0,38.085
22.591999769210815,0.0,38.085
22.60199999809265,0.0,38.085
22.611999988555908,0.0,36.621
22.621999979019165,0.0,38.085
22.631999969482422,0.0,36.621
22.640999794006348,0.0,36.621
22.651999950408936,0.0,36.621
22.66099977493286,0.0,36.621
22.671000003814697,0.0,36.621
22.680999994277954,0.0,36.621
22.69099998474121,0.0,36.621
22.700999975204468,0.0,36.621
22.710999965667725,0.0,36.621
22.72099995613098,0.0,36.621
22.73099994659424,0.0,36.621
22.740999937057495,0.0,36.621
22.75,0.0,36.621
22.759999990463257,0.0,36.621
22.769999980926514,0.0,36.621
22.77999997138977,0.0,36.621
22.789999961853027,0.0,36.621
22.799999952316284,0.0,36.621
22.80999994277954,0.0,36.621
22.819999933242798,0.0,36.621
22.829999923706055,0.0,36.621
22.83999991416931,0.0,36.621
22.84999990463257,0.0,36.621
22.859999895095825,0.0,36.621
22.869999885559082,0.0,36.621
22.878999948501587,0.0,35.156
22.888999938964844,0.0,35.156
22.8989999294281,0.0,35.156
22.908999919891357,0.0,35.156
22.918999910354614,0.0,35.156
22.92799997329712,0.0,35.156
22.937999963760376,0.0,35.156
22.947999954223633,0.0,35.156
22.95799994468689,0.0,36.621
22.96999979019165,0.0,36.621
22.977999925613403,0.0,35.156
22.98799991607666,0.0,35.156
22.997999906539917,0.0,35.156
23.007999897003174,0.0,35.156
23.01799988746643,0.0,35.156
23.026999950408936,0.0,35.156
23.036999940872192,0.0,35.156
23.04699993133545,0.0,35.156
23.056999921798706,0.0,35.156
23.066999912261963,0.0,35.156
23.07699990272522,0.0,35.156
23.086999893188477,0.0,35.156
23.096999883651733,0.0,35.156
23.10699987411499,0.0,33.691
23.116999864578247,0.0,33.691
23.126999855041504,0.0,33.691
23.13599991798401,0.0,33.691
23.146999835968018,0.0,33.691
23.155999898910522,0.0,33.691
23.16599988937378,0.0,33.691
23.175999879837036,0.0,33.691
23.185999870300293,0.0,33.691
23.19599986076355,0.0,33.691
23.205999851226807,0.0,33.691
23.215999841690063,0.0,33.691
23.22499990463257,0.0,33.691
23.235999822616577,0.0,33.691
23.245999813079834,0.0,33.691
23.25499987602234,0.0,33.691
23.264999866485596,0.0,33.691
23.274999856948853,0.0,33.691
23.28499984741211,0.0,33.691
23.294999837875366,0.0,33.691
23.304999828338623,0.0,33.691
23.31499981880188,0.0,33.691
23.324999809265137,0.0,33.691
23.33399987220764,0.0,33.691
23.3439998626709,0.0,33.691
23.353999853134155,0.0,33.691
23.363999843597412,0.0,33.691
23.37399983406067,0.0,33.691
23.383999824523926,0.0,32.226
23.393999814987183,0.0,32.226
23.40399980545044,0.0,32.226
23.413999795913696,0.0,32.226
23.423999786376953,0.0,32.226
23.432999849319458,0.0,32.226
23.442999839782715,0.0,32.226
23.45299983024597,0.0,32.226
23.46299982070923,0.0,32.226
23.472999811172485,0.0,32.226
23.482999801635742,0.0,32.226
23.492999792099,0.0,32.226
23.502999782562256,0.0,32.226
23.51199984550476,0.0,32.226
23.52300000190735,0.0,32.226
23.532999992370605,0.0,32.226
23.54199981689453,0.0,32.226
23.551999807357788,0.0,32.226
23.561999797821045,0.0,32.226
23.5719997882843,0.0,30.761
23.58199977874756,0.0,32.226
23.591999769210815,0.0,32.226
23.60199999809265,0.0,32.226
23.611999988555908,0.0,32.226
23.620999813079834,0.0,30.761
23.63099980354309,0.0,30.761
23.640999794006348,0.0,30.761
23.650999784469604,0.0,30.761
23.66099977493286,0.0,30.761
23.671000003814697,0.0,30.761
23.680999994277954,0.0,30.761
23.69099998474121,0.0,30.761
23.700999975204468,0.0,32.226
23.709999799728394,0.0,30.761
23.71999979019165,0.0,32.226
23.729999780654907,0.0,30.761
23.739999771118164,0.0,32.226
23.75,0.0,30.761
23.759999990463257,0.0,30.761
23.769999980926514,0.0,30.761
23.77999997138977,0.0,30.761
23.789999961853027,0.0,30.761
23.799999952316284,0.0,30.761
23.80899977684021,0.0,30.761
23.818999767303467,0.0,30.761
23.828999996185303,0.0,30.761
23.83899998664856,0.0,30.761
23.84999990463257,0.0,32.226
23.858999967575073,0.0,30.761
23.86899995803833,0.0,30.761
23.878999948501587,0.0,30.761
23.888999938964844,0.0,29.296
23.8989999294281,0.0,30.761
23.907999992370605,0.0,29.296
23.918999910354614,0.0,29.296
23.92799997329712,0.0,29.296
23.937999963760376,0.0,29.296
23.947999954223633,0.0,29.296
23.95799994468689,0.0,29.296
23.967999935150146,0.0,29.296
23.977999925613403,0.0,29.296
23.98799991607666,0.0,29.296
23.996999979019165,0.0,29.296
24.006999969482422,0.0,29.296
24.01699995994568,0.0,30.761
24.026999950408936,0.0,29.296
24.036999940872192,0.0,29.296
24.04699993133545,0.0,29.296
24.05999994277954,0.0,29.296
24.066999912261963,0.0,29.296
24.07699990272522,0.0,29.296
24.086999893188477,0.0,29.296
24.096999883651733,0.0,29.296
24.10599994659424,0.0,29.296
24.116999864578247,0.0,29.296
24.125999927520752,0.0,29.296
24.13599991798401,0.0,27.832
24.145999908447266,0.0,27.832
24.155999898910522,0.0,27.832
24.16599988937378,0.0,27.832
24.175999879837036,0.0,29.296
24.185999870300293,0.0,27.832
24.19599986076355,0.0,27.832
24.204999923706055,0.0,27.832
24.21499991416931,0.0,27.832
24.22499990463257,0.0,27.832
24.234999895095825,0.0,27.832
24.244999885559082,0.0,27.832
24.25499987602234,0.0,27.832
24.264999866485596,0.0,27.832
24.274999856948853,0.0,27.832
24.28499984741211,0.0,27.832
24.293999910354614,0.0,27.832
24.30399990081787,0.0,27.832
24.313999891281128,0.0,27.832
24.323999881744385,0.0,27.832
24.33399987220764,0.0,27.832
24.3439998626709,0.0,27.832
24.353999853134155,0.0,27.832
24.363999843597412,0.0,27.832
24.37399983406067,0.0,27.832
24.383999824523926,0.0,27.832
24.39299988746643,0.0,27.832
24.402999877929688,0.0,27.832
24.412999868392944,0.0,26.367
24.4229998588562,0.0,27.832
24.43399977684021,0.0,26.367
24.442999839782715,0.0,27.832
24.45299983024597,0.0,26.367
24.46299982070923,0.0,26.367
24.472999811172485,0.0,26.367
24.482999801635742,0.0,26.367
24.492999792099,0.0,26.367
24.502999782562256,0.0,26.367
24.512999773025513,0.0,26.367
24.52300000190735,0.0,26.367
24.532999992370605,0.0,26.367
24.54199981689453,0.0,26.367
24.551999807357788,0.0,26.367
24.561999797821045,0.0,26.367
24.572999954223633,0.0,26.367
24.58199977874756,0.0,24.902
24.591999769210815,0.0,26.367
24.60099983215332,0.0,26.367
24.611999988555908,0.0,26.367
24.621999979019165,0.0,26.367
24.631999969482422,0.0,26.367
24.640999794006348,0.0,26.367
24.651999950408936,0.0,26.367
24.66099977493286,0.0,24.902
24.671000003814697,0.0,24.902
24.680999994277954,0.0,24.902
24.68999981880188,0.0,24.902
24.699999809265137,0.0,24.902
24.709999799728394,0.0,24.902
24.71999979019165,0.0,23.437
24.729999780654907,0.0,21.972
24.739999771118164,0.0,19.042
24.750999927520752,0.0,16.113
24.759999990463257,-1.464,16.113
24.769999980926514,0.0,14.648
24.77999997138977,0.0,13.183
24.788999795913696,0.0,11.718
24.798999786376953,0.0,10.253
24.80899977684021,0.0,8.789
24.819999933242798,0.0,7.324
24.828999996185303,0.0,5.859
24.83899998664856,0.0,4.394
24.848999977111816,0.0,2.929
24.858999967575073,0.0,1.464
24.86899995803833,0.0,0.0
24.877999782562256,0.0,0.0
24.887999773025513,0.0,-1.464
24.89800000190735,0.0,-2.929
24.907999992370605,0.0,-2.929
24.917999982833862,0.0,-2.929
24.92799997329712,0.0,-4.394
24.937999963760376,0.0,-4.394
24.947999954223633,0.0,-4.394
24.95799994468689,0.0,-4.394
24.967999935150146,0.0,-4.394
24.97699999809265,0.0,-4.394
24.986999988555908,0.0,-4.394
24.996999979019165,0.0,-2.929
25.006999969482422,0.0,-2.929
25.01799988746643,0.0,-2.929
25.026999950408936,0.0,-2.929
25.036999940872192,0.0,-2.929
25.04699993133545,0.0,-1.464
25.056999921798706,0.0,-1.464
25.066999912261963,0.0,-1.464
25.075999975204468,0.0,-1.464
25.085999965667725,0.0,-1.464
25.09599995613098,0.0,-1.464
25.10599994659424,0.0,0.0
25.117999792099,0.0,0.0
25.125999927520752,0.0,0.0
25.13599991798401,0.0,0.0
25.145999908447266,0.0,0.0
25.155999898910522,0.0,0.0
25.16599988937378,0.0,0.0
25.174999952316284,0.0,0.0
25.18499994277954,0.0,0.0
25.1969997882843,0.0,0.0
25.205999851226807,0.0,0.0
25.21499991416931,0.0,0.0
25.22499990463257,0.0,0.0
25.234999895095825,0.0,0.0
25.244999885559082,0.0,0.0
25.25499987602234,0.0,0.0
25.264999866485596,0.0,0.0
25.274999856948853,0.0,0.0
25.286999940872192,0.0,0.0
25.293999910354614,0.0,0.0
25.30399990081787,0.0,0.0
25.313999891281128,0.0,0.0
25.323999881744385,0.0,0.0
25.33399987220764,0.0,0.0
25.3439998626709,0.0,0.0
25.353999853134155,0.0,0.0
25.363999843597412,0.0,0.0
25.37399983406067,0.0,0.0
25.382999897003174,0.0,0.0
25.39299988746643,0.0,0.0
25.40399980545044,0.0,0.0
25.412999868392944,0.0,0.0
25.4229998588562,0.0,0.0
25.432999849319458,0.0,0.0
25.442999839782715,0.0,0.0
25.45299983024597,0.0,0.0
25.46299982070923,0.0,0.0
25.472999811172485,0.0,0.0
25.482999801635742,0.0,0.0
25.491999864578247,0.0,0.0
25.501999855041504,0.0,0.0
25.51199984550476,0.0,0.0
25.521999835968018,0.0,0.0
25.531999826431274,0.0,0.0
25.54199981689453,0.0,0.0
25.551999807357788,0.0,0.0
25.561999797821045,0.0,0.0
25.5719997882843,0.0,0.0
25.58199977874756,0.0,0.0
25.590999841690063,0.0,0.0
25.60099983215332,0.0,0.0
25.611999988555908,0.0,0.0
25.620999813079834,0.0,0.0
25.63099980354309,0.0,0.0
25.640999794006348,0.0,0.0
25.650999784469604,0.0,0.0
25.66099977493286,0.0,0.0
25.673999786376953,0.0,0.0
25.680999994277954,0.0,0.0
25.68999981880188,0.0,0.0
25.699999809265137,0.0,0.0
25.710999965667725,0.0,0.0
25.71999979019165,0.0,0.0
25.729999780654907,0.0,0.0
25.739999771118164,0.0,0.0
25.75,0.0,0.0
25.759999990463257,0.0,0.0
25.769999980926514,0.0,0.0
25.77999997138977,0.0,0.0
25.788999795913696,0.0,0.0
25.798999786376953,0.0,0.0
25.80899977684021,0.0,0.0
25.819999933242798,0.0,0.0
25.828999996185303,0.0,0.0
25.83899998664856,0.0,0.0
25.848999977111816,0.0,0.0
25.858999967575073,0.0,0.0
25.86899995803833,0.0,0.0
25.878999948501587,0.0,0.0
25.888999938964844,0.0,0.0
25.89800000190735,0.0,0.0
25.907999992370605,0.0,0.0
25.921000003814697,0.0,0.0
25.92799997329712,0.0,0.0
25.937999963760376,0.0,0.0
25.947999954223633,0.0,0.0
25.95799994468689,0.0,0.0
25.967999935150146,0.0,0.0
25.977999925613403,0.0,0.0
25.986999988555908,0.0,0.0
25.996999979019165,0.0,0.0
26.006999969482422,0.0,0.0
26.01699995994568,0.0,0.0
26.026999950408936,0.0,0.0
26.036999940872192,0.0,0.0
26.04699993133545,0.0,0.0
26.056999921798706,0.0,0.0
26.066999912261963,0.0,0.0
26.07699990272522,0.0,0.0
26.085999965667725,0.0,0.0
26.09599995613098,0.0,0.0
26.10599994659424,0.0,0.0
26.115999937057495,0.0,0.0
26.125999927520752,0.0,0.0
26.13599991798401,0.0,0.0
26.145999908447266,0.0,0.0
26.155999898910522,0.0,0.0
26.16599988937378,0.0,0.0
26.175999879837036,0.0,0.0
26.18499994277954,0.0,0.0
26.194999933242798,0.0,0.0
26.204999923706055,0.0,0.0
26.21499991416931,0.0,0.0
26.22499990463257,0.0,0.0
26.235999822616577,0.0,0.0
26.244999885559082,0.0,0.0
26.25499987602234,0.0,0.0
26.264999866485596,0.0,0.0
26.274999856948853,0.0,0.0
26.283999919891357,0.0,0.0
26.2979998588562,0.0,0.0
26.30399990081787,0.0,0.0
26.31499981880188,0.0,0.0
26.323999881744385,0.0,0.0
26.33399987220764,0.0,0.0
26.34499979019165,0.0,0.0
26.354999780654907,0.0,0.0
26.364999771118164,0.0,0.0
26.37399983406067,0.0,0.0
26.383999824523926,0.0,0.0
26.393999814987183,0.0,0.0
26.40399980545044,0.0,0.0
26.413999795913696,0.0,0.0
26.423999786376953,0.0,0.0
26.432999849319458,0.0,0.0
26.442999839782715,0.0,0.0
26.45299983024597,0.0,0.0
26.461999893188477,0.0,0.0
26.471999883651733,0.0,0.0
26.48199987411499,0.0,0.0
26.491999864578247,0.0,0.0
26.501999855041504,0.0,0.0
26.51199984550476,0.0,0.0
26.5239999294281,0.0,0.0
26.531999826431274,0.0,0.0
26.54199981689453,0.0,0.0
26.555999994277954,0.0,0.0
26.561999797821045,0.0,0.0
26.5719997882843,0.0,0.0
26.58199977874756,0.0,0.0
26.590999841690063,0.0,0.0
26.60199999809265,0.0,0.0
26.610999822616577,0.0,0.0
26.620999813079834,0.0,0.0
26.631999969482422,0.0,0.0
26.640999794006348,0.0,0.0
26.650999784469604,0.0,0.0
26.66099977493286,0.0,0.0
26.671000003814697,0.0,0.0
26.680999994277954,0.0,0.0
26.68999981880188,0.0,0.0
26.699999809265137,0.0,0.0
26.709999799728394,0.0,0.0
26.71999979019165,0.0,0.0
26.729999780654907,0.0,0.0
26.739999771118164,0.0,0.0
26.75,0.0,0.0
26.759999990463257,0.0,0.0
26.769999980926514,0.0,0.0
26.77899980545044,0.0,0.0
26.788999795913696,0.0,0.0
26.798999786376953,0.0,0.0
26.80899977684021,0.0,0.0
26.822999954223633,0.0,0.0
26.828999996185303,0.0,0.0
26.83899998664856,0.0,0.0
26.848999977111816,0.0,0.0
26.858999967575073,0.0,0.0
26.86899995803833,0.0,0.0
26.878999948501587,0.0,0.0
26.887999773025513,0.0,0.0
26.89800000190735,0.0,0.0
26.907999992370605,0.0,0.0
26.918999910354614,0.0,0.0
26.92799997329712,0.0,0.0
26.937999963760376,0.0,0.0
26.947999954223633,0.0,0.0
26.95799994468689,0.0,0.0
26.967999935150146,0.0,0.0
26.977999925613403,0.0,0.0
26.98799991607666,0.0,0.0
26.997999906539917,0.0,0.0
27.006999969482422,0.0,0.0
27.01699995994568,0.0,0.0
27.026999950408936,0.0,0.0
27.036999940872192,0.0,0.0
27.04699993133545,0.0,0.0
27.056999921798706,0.0,0.0
27.066999912261963,0.0,0.0
27.07699990272522,0.0,0.0
27.085999965667725,0.0,0.0
27.09599995613098,0.0,0.0
27.10699987411499,0.0,0.0
27.11899995803833,0.0,0.0
27.125999927520752,0.0,0.0
27.13599991798401,0.0,0.0
27.145999908447266,0.0,0.0
27.155999898910522,0.0,0.0
27.16599988937378,0.0,0.0
27.175999879837036,0.0,0.0
27.18499994277954,0.0,0.0
27.194999933242798,0.0,0.0
27.204999923706055,0.0,0.0
27.21499991416931,0.0,0.0
27.22499990463257,0.0,0.0
27.234999895095825,0.0,0.0
27.244999885559082,0.0,0.0
27.25499987602234,0.0,0.0
27.264999866485596,0.0,0.0
27.274999856948853,0.0,0.0
27.283999919891357,0.0,0.0
27.293999910354614,0.0,0.0
27.30399990081787,0.0,0.0
27.313999891281128,0.0,0.0
27.323999881744385,0.0,0.0
27.33399987220764,0.0,0.0
27.3439998626709,0.0,0.0
27.353999853134155,0.0,0.0
27.363999843597412,0.0,0.0
27.37399983406067,0.0,0.0
27.382999897003174,0.0,0.0
27.39299988746643,0.0,0.0
27.402999877929688,0.0,0.0
27.412999868392944,0.0,0.0
27.4229998588562,0.0,0.0
27.435999870300293,0.0,0.0
27.442999839782715,0.0,0.0
27.45299983024597,0.0,0.0
27.46299982070923,0.0,0.0
27.472999811172485,0.0,0.0
27.482999801635742,0.0,0.0
27.491999864578247,0.0,0.0
27.501999855041504,0.0,0.0
27.51199984550476,0.0,0.0
27.521999835968018,0.0,0.0
27.531999826431274,0.0,0.0
27.54199981689453,0.0,0.0
27.551999807357788,0.0,0.0
27.561999797821045,0.0,0.0
27.5719997882843,0.0,0.0
27.58199977874756,0.0,0.0
27.591999769210815,0.0,0.0
27.60199999809265,0.0,0.0
27.610999822616577,0.0,0.0
27.620999813079834,0.0,0.0
27.63099980354309,0.0,0.0
27.640999794006348,0.0,0.0
27.650999784469604,0.0,0.0
27.66099977493286,0.0,0.0
27.669999837875366,0.0,0.0
27.679999828338623,0.0,0.0
27.68999981880188,0.0,0.0
27.699999809265137,0.0,0.0
27.709999799728394,0.0,0.0
27.71999979019165,0.0,0.0
27.729999780654907,0.0,0.0
27.742999792099,0.0,0.0
27.75,0.0,0.0
27.759999990463257,0.0,0.0
27.769999980926514,0.0,0.0
27.77999997138977,0.0,0.0
27.788999795913696,0.0,0.0
27.799999952316284,0.0,0.0
27.80899977684021,0.0,0.0
27.818999767303467,0.0,0.0
27.828999996185303,0.0,0.0
27.83899998664856,0.0,0.0
27.848999977111816,0.0,0.0
27.858999967575073,0.0,0.0
27.86899995803833,0.0,0.0
27.877999782562256,0.0,0.0
27.887999773025513,0.0,0.0
27.89800000190735,0.0,0.0
27.907999992370605,0.0,0.0
27.917999982833862,0.0,0.0
27.92799997329712,0.0,0.0
27.937999963760376,0.0,0.0
27.947999954223633,0.0,0.0
27.95799994468689,0.0,0.0
27.967999935150146,0.0,0.0
27.977999925613403,0.0,0.0
27.986999988555908,0.0,0.0
27.996999979019165,0.0,0.0
28.006999969482422,0.0,0.0
28.019999980926514,0.0,0.0
28.026999950408936,0.0,0.0
28.036999940872192,0.0,0.0
28.04699993133545,0.0,0.0
28.056999921798706,0.0,0.0
28.066999912261963,0.0,0.0
28.075999975204468,0.0,0.0
28.085999965667725,0.0,0.0
28.09599995613098,0.0,0.0
28.10599994659424,0.0,0.0
28.115999937057495,0.0,0.0
28.125999927520752,0.0,0.0
28.13599991798401,0.0,0.0
28.145999908447266,0.0,0.0
28.155999898910522,0.0,0.0
28.16599988937378,0.0,0.0
28.175999879837036,0.0,0.0
28.185999870300293,0.0,0.0
28.19599986076355,0.0,0.0
28.205999851226807,0.0,0.0
28.215999841690063,0.0,0.0
28.22599983215332,0.0,0.0
28.235999822616577,0.0,0.0
28.244999885559082,0.0,0.0
28.253999948501587,0.0,0.0
28.263999938964844,0.0,0.0
28.2739999294281,0.0,0.0
28.283999919891357,0.0,0.0
28.293999910354614,0.0,0.0
28.30399990081787,0.0,0.0
28.313999891281128,0.0,0.0
28.323999881744385,0.0,0.0
28.33399987220764,0.0,0.0
28.347999811172485,0.0,0.0
28.352999925613403,0.0,0.0
28.363999843597412,0.0,0.0
28.37399983406067,0.0,0.0
28.382999897003174,0.0,0.0
28.39299988746643,0.0,0.0
28.402999877929688,0.0,0.0
28.412999868392944,0.0,0.0
28.4229998588562,0.0,0.0
28.432999849319458,0.0,0.0
28.442999839782715,0.0,0.0
28.45299983024597,0.0,0.0
28.461999893188477,0.0,0.0
28.471999883651733,0.0,0.0
28.48199987411499,0.0,0.0
28.491999864578247,0.0,0.0
28.501999855041504,0.0,0.0
28.512999773025513,0.0,0.0
28.521999835968018,0.0,0.0
28.531999826431274,0.0,0.0
28.54199981689453,0.0,0.0
28.551999807357788,0.0,0.0
28.561999797821045,0.0,0.0
28.57099986076355,0.0,0.0
28.58199977874756,0.0,0.0
28.590999841690063,0.0,0.0
28.60099983215332,0.0,0.0
28.610999822616577,0.0,0.0
28.620999813079834,0.0,0.0
28.63099980354309,0.0,0.0
28.640999794006348,0.0,0.0
28.650999784469604,0.0,0.0
28.66099977493286,0.0,0.0
28.669999837875366,0.0,0.0
28.679999828338623,0.0,0.0
28.68999981880188,0.0,0.0
28.699999809265137,0.0,0.0
28.709999799728394,0.0,0.0
28.71999979019165,0.0,0.0
28.729999780654907,0.0,0.0
28.739999771118164,0.0,0.0
28.74899983406067,0.0,0.0
28.759999990463257,0.0,0.0
28.768999814987183,0.0,0.0
28.77899980545044,0.0,0.0
28.788999795913696,0.0,0.0
28.798999786376953,0.0,0.0
28.80899977684021,0.0,0.0
28.818999767303467,0.0,0.0
28.828999996185303,0.0,0.0
28.83899998664856,0.0,0.0
28.848999977111816,0.0,0.0
28.858999967575073,0.0,0.0
28.867999792099,0.0,0.0
28.877999782562256,0.0,0.0
28.887999773025513,0.0,0.0
28.89800000190735,0.0,0.0
28.911999940872192,0.0,0.0
28.917999982833862,0.0,0.0
28.92799997329712,0.0,0.0
28.937999963760376,0.0,0.0
28.947999954223633,0.0,0.0
28.95699977874756,0.0,0.0
28.966999769210815,0.0,0.0
28.97699999809265,0.0,0.0
28.986999988555908,0.0,0.0
28.996999979019165,0.0,0.0
29.007999897003174,0.0,0.0
29.01699995994568,0.0,0.0
29.026999950408936,0.0,0.0
29.036999940872192,0.0,0.0
29.04699993133545,0.0,0.0
29.056999921798706,0.0,0.0
29.06599998474121,0.0,0.0
29.075999975204468,0.0,0.0
29.085999965667725,0.0,0.0
29.09599995613098,0.0,0.0
29.10599994659424,0.0,0.0
29.115999937057495,0.0,0.0
29.125999927520752,0.0,0.0
29.13599991798401,0.0,0.0
29.144999980926514,0.0,0.0
29.155999898910522,0.0,0.0
29.164999961853027,0.0,0.0
29.174999952316284,0.0,0.0
29.18499994277954,0.0,0.0
29.194999933242798,0.0,0.0
29.204999923706055,0.0,0.0
29.21499991416931,0.0,0.0
29.22499990463257,0.0,0.0
29.234999895095825,0.0,0.0
29.244999885559082,0.0,0.0
29.25499987602234,0.0,0.0
29.263999938964844,0.0,0.0
29.2739999294281,0.0,0.0
29.283999919891357,0.0,0.0
29.293999910354614,0.0,0.0
29.30399990081787,0.0,0.0
29.313999891281128,0.0,0.0
29.323999881744385,0.0,0.0
29.33399987220764,0.0,0.0
29.34599995613098,0.0,0.0
29.353999853134155,0.0,0.0
29.36299991607666,0.0,0.0
29.37399983406067,0.0,0.0
29.382999897003174,0.0,0.0
29.393999814987183,0.0,0.0
29.402999877929688,0.0,0.0
29.412999868392944,0.0,0.0
29.4229998588562,0.0,0.0
29.432999849319458,0.0,0.0
29.442999839782715,0.0,0.0
29.45199990272522,0.0,0.0
29.461999893188477,0.0,0.0
29.471999883651733,0.0,0.0
29.48199987411499,0.0,0.0
29.491999864578247,0.0,0.0
29.501999855041504,0.0,0.0
29.51199984550476,0.0,0.0
29.521999835968018,0.0,0.0
29.531999826431274,0.0,0.0
