Time (s),FL Speed (rpm),FR Speed (rpm)
0.0,0.0,0.0
0.01100003719329834,0.0,0.0
0.024000048637390137,0.0,0.0
0.03600001335144043,0.0,0.0
0.05900001525878906,0.0,0.0
0.059999942779541016,0.0,0.0
0.07400000095367432,0.0,0.0
0.08500003814697266,0.0,0.0
0.09599995613098145,0.0,0.0
0.10800004005432129,0.0,0.0
0.11000001430511475,0.0,0.0
0.12100005149841309,0.0,0.0
0.13100004196166992,0.0,0.0
0.14499998092651367,0.0,0.0
0.156000018119812,0.0,0.0
0.1690000295639038,0.0,0.0
0.1690000295639038,0.0,0.0
0.1809999942779541,0.0,0.0
0.19099998474121094,0.0,0.0
0.20399999618530273,0.0,0.0
0.21700000762939453,0.0,0.0
0.22800004482269287,0.0,0.0
0.23000001907348633,0.0,0.0
0.24000000953674316,0.0,0.0
0.26399993896484375,0.0,0.0
0.26499998569488525,0.0,0.0
0.2760000228881836,0.0,0.0
0.2990000247955322,0.0,0.0
0.2999999523162842,0.0,0.0
0.312000036239624,0.0,0.0
0.3240000009536743,0.0,0.0
0.33500003814697266,0.0,0.0
0.3489999771118164,0.0,0.0
0.3500000238418579,0.0,0.0
0.35899996757507324,0.0,0.0
0.37300002574920654,0.0,0.0
0.38499999046325684,0.0,0.0
0.39499998092651367,0.0,0.0
0.40799999237060547,0.0,0.0
0.4099999666213989,0.0,0.0
0.41999995708465576,0.0,0.0
0.4320000410079956,0.0,0.0
0.4440000057220459,0.0,0.0
0.4559999704360962,0.0,0.0
0.468999981880188,0.0,0.0
0.4789999723434448,0.0,0.0
0.48000001907348633,0.0,0.0
0.5039999485015869,0.0,0.0
0.5039999485015869,0.0,0.0
0.5160000324249268,0.0,0.0
0.527999997138977,0.0,0.0
0.5299999713897705,0.0,0.0
0.5390000343322754,0.0,0.0
0.5540000200271606,0.0,0.0
0.5649999380111694,0.0,0.0
0.5759999752044678,0.0,0.0
0.5889999866485596,0.0,0.0
0.5900000333786011,0.0,0.0
0.6000000238418579,0.0,0.0
0.6109999418258667,0.0,0.0
0.6239999532699585,0.0,0.0
0.6360000371932983,0.0,0.0
0.6480000019073486,0.0,0.0
0.6499999761581421,0.0,0.0
0.6610000133514404,0.0,0.0
0.6840000152587891,0.0,0.0
0.684999942779541,0.0,0.0
0.7079999446868896,0.0,0.0
0.7079999446868896,0.0,0.0
0.7100000381469727,0.0,0.0
0.7209999561309814,0.0,0.0
0.7319999933242798,0.0,0.0
0.7439999580383301,0.0,0.0
0.7580000162124634,0.0,0.0
0.7680000066757202,0.0,0.0
0.7689999341964722,0.0,0.0
0.7790000438690186,0.0,0.0
0.7940000295639038,0.0,0.0
0.8029999732971191,0.0,0.0
0.8170000314712524,0.0,0.0
0.8279999494552612,0.0,0.0
0.8300000429153442,0.0,0.0
0.8400000333786011,0.0,0.0
0.8519999980926514,0.0,0.0
0.8760000467300415,0.0,0.0
0.8760000467300415,0.0,0.0
0.8869999647140503,0.0,0.0
0.8899999856948853,0.0,0.0
0.9010000228881836,0.0,0.0
0.9119999408721924,0.0,0.0
0.9249999523162842,0.0,0.0
0.9359999895095825,0.0,0.0
0.9479999542236328,0.0,0.0
0.9509999752044678,0.0,0.0
0.9620000123977661,0.0,0.0
0.9750000238418579,0.0,0.0
0.9839999675750732,0.0,0.0
0.9980000257492065,0.0,0.0
1.0089999437332153,0.0,0.0
1.0110000371932983,0.0,0.0
1.0210000276565552,0.0,0.0
1.031999945640564,0.0,0.0
1.0460000038146973,0.0,0.0
1.0570000410079956,0.0,0.0
1.0709999799728394,0.0,0.0
1.0709999799728394,0.0,0.0
1.0809999704360962,0.0,0.0
1.0920000076293945,0.0,0.0
1.1069999933242798,0.0,0.0
1.1169999837875366,0.0,0.0
1.128999948501587,0.0,0.0
1.13100004196167,0.0,0.0
1.1410000324249268,0.0,0.0
1.1519999504089355,0.0,0.0
1.1759999990463257,0.0,0.0
1.1770000457763672,0.0,0.0
1.1890000104904175,0.0,0.0
1.190999984741211,0.0,0.0
1.2020000219345093,0.0,0.0
1.2120000123977661,0.0,0.0
1.225000023841858,0.0,0.0
1.2359999418258667,0.0,0.0
1.2489999532699585,0.0,0.0
1.2510000467300415,0.0,0.0
1.2610000371932983,0.0,0.0
1.284999966621399,0.0,0.0
1.284999966621399,0.0,0.0
1.2970000505447388,0.0,0.0
1.309999942779541,0.0,0.0
1.3109999895095825,0.0,0.0
1.3209999799728394,0.0,0.0
1.3320000171661377,0.0,0.0
1.3450000286102295,0.0,0.0
1.3569999933242798,0.0,0.0
1.3819999694824219,0.0,0.0
1.3819999694824219,0.0,0.0
1.3930000066757202,0.0,0.0
1.406999945640564,0.0,0.0
1.4169999361038208,0.0,0.0
1.4290000200271606,0.0,0.0
1.430999994277954,0.0,0.0
1.440999984741211,0.0,0.0
1.4550000429153442,0.0,0.0
1.465000033378601,0.0,0.0
1.4780000448226929,0.0,0.0
1.4889999628067017,0.0,0.0
1.4900000095367432,0.0,0.0
1.5010000467300415,0.0,0.0
1.524999976158142,0.0,0.0
1.524999976158142,0.0,0.0
1.5369999408721924,0.0,0.0
1.5490000247955322,0.0,0.0
1.5509999990463257,0.0,0.0
1.5609999895095825,0.0,0.0
1.5859999656677246,0.0,0.0
1.5859999656677246,0.0,0.0
1.597000002861023,0.0,0.0
1.6100000143051147,0.0,0.0
1.6109999418258667,0.0,0.0
1.621000051498413,0.0,0.0
1.6330000162124634,0.0,0.0
1.6449999809265137,0.0,0.0
1.656999945640564,0.0,0.0
1.6690000295639038,0.0,0.0
1.6710000038146973,0.0,0.0
1.6829999685287476,0.0,0.0
1.6920000314712524,0.0,0.0
1.7050000429153442,0.0,0.0
1.7289999723434448,0.0,0.0
1.7289999723434448,0.0,0.0
1.7309999465942383,0.0,0.0
1.7409999370574951,0.0,0.0
1.753000020980835,0.0,0.0
1.7660000324249268,0.0,0.0
1.7790000438690186,0.0,0.0
1.7890000343322754,0.0,0.0
1.7899999618530273,0.0,0.0
1.8020000457763672,0.0,0.0
1.8259999752044678,0.0,0.0
1.8270000219345093,0.0,0.0
1.837999939918518,0.0,0.0
1.850000023841858,0.0,0.0
1.8509999513626099,0.0,0.0
1.8609999418258667,0.0,0.0
1.875,0.0,0.0
1.8869999647140503,0.0,0.0
1.8960000276565552,0.0,0.0
1.909999966621399,0.0,0.0
1.9110000133514404,0.0,0.0
1.934000015258789,0.0,0.0
1.934000015258789,0.0,0.0
1.944000005722046,0.0,0.0
1.9570000171661377,0.0,0.0
1.9709999561309814,0.0,0.0
1.972000002861023,0.0,0.0
1.9839999675750732,0.0,0.0
1.99399995803833,0.0,0.0
2.00600004196167,0.0,0.0
2.0299999713897705,0.0,0.0
2.031000018119812,0.0,0.0
2.031999945640564,0.0,0.0
2.0429999828338623,0.0,0.0
2.052999973297119,0.0,0.0
2.0670000314712524,0.0,0.0
2.0779999494552612,0.0,0.0
2.0920000076293945,0.0,0.0
2.0920000076293945,0.0,0.0
2.1019999980926514,0.0,0.0
2.1130000352859497,0.0,0.0
2.1269999742507935,0.0,0.0
2.138000011444092,0.0,0.0
2.149999976158142,0.0,0.0
2.1519999504089355,0.0,0.0
2.1619999408721924,0.0,0.0
2.1759999990463257,0.0,0.0
2.187999963760376,0.0,0.0
2.197999954223633,0.0,0.0
2.208999991416931,0.0,0.0
2.212000012397766,0.0,0.0
2.2339999675750732,0.0,0.0
2.2339999675750732,0.0,0.0
2.246000051498413,0.0,0.0
2.2589999437332153,0.0,0.0
2.271000027656555,0.0,0.0
2.271000027656555,0.0,0.0
2.281999945640564,0.0,0.0
2.305999994277954,0.0,0.0
2.305999994277954,0.0,0.0
2.319000005722046,0.0,0.0
2.3320000171661377,0.0,0.0
2.3320000171661377,0.0,0.0
2.3420000076293945,0.0,0.0
2.353000044822693,0.0,0.0
2.3669999837875366,0.0,0.0
2.378000020980835,0.0,0.0
2.3919999599456787,0.0,0.0
2.3919999599456787,0.0,0.0
2.4019999504089355,0.0,0.0
2.412999987602234,0.0,0.0
2.427999973297119,0.0,0.0
2.4390000104904175,0.0,0.0
2.450000047683716,0.0,0.0
2.4520000219345093,0.0,0.0
2.462000012397766,0.0,0.0
2.4859999418258667,0.0,0.0
2.4859999418258667,0.0,0.0
2.5,0.0,0.0
2.509999990463257,0.0,0.0
2.5119999647140503,0.0,0.0
2.5230000019073486,0.0,0.0
2.5460000038146973,0.0,0.0
2.5460000038146973,0.0,0.0
2.5579999685287476,0.0,0.0
2.5709999799728394,0.0,0.0
2.572000026702881,0.0,0.0
2.5820000171661377,0.0,0.0
2.5959999561309814,0.0,0.0
2.6059999465942383,0.0,0.0
2.6200000047683716,0.0,0.0
2.631999969482422,0.0,0.0
2.631999969482422,0.0,0.0
2.6419999599456787,0.0,0.0
2.656000018119812,0.0,0.0
2.666999936103821,0.0,0.0
2.677999973297119,0.0,0.0
2.6899999380111694,0.0,0.0
2.6920000314712524,0.0,0.0
2.7029999494552612,0.0,0.0
2.7139999866485596,0.0,0.0
2.72599995136261,0.0,0.0
2.740000009536743,0.0,0.0
2.75,0.0,0.0
2.7519999742507935,0.0,0.0
2.7619999647140503,0.0,0.0
2.7860000133514404,0.0,0.0
2.7860000133514404,0.0,0.0
2.799999952316284,0.0,0.0
2.809999942779541,0.0,0.0
2.812000036239624,0.0,0.0
2.822999954223633,0.0,0.0
2.847000002861023,0.0,0.0
2.847000002861023,0.0,0.0
2.8580000400543213,0.0,0.0
2.8700000047683716,0.0,0.0
2.871999979019165,0.0,0.0
2.881999969482422,0.0,0.0
2.89300000667572,0.0,0.0
2.909000039100647,0.0,0.0
2.919000029563904,0.0,0.0
2.930999994277954,0.0,0.0
2.9329999685287476,0.0,0.0
2.944000005722046,0.0,0.0
2.9550000429153442,0.0,0.0
2.9679999351501465,0.0,0.0
2.978999972343445,0.0,0.0
2.990000009536743,0.0,0.0
2.993000030517578,0.0,0.0
3.0049999952316284,0.0,0.0
3.0149999856948853,0.0,0.0
3.0269999504089355,0.0,0.0
3.0399999618530273,0.0,0.0
3.052000045776367,0.0,0.0
3.052000045776367,0.0,0.0
3.062999963760376,0.0,0.0
3.0770000219345093,0.0,0.0
3.087000012397766,0.0,0.0
3.0989999771118164,0.0,0.0
3.111999988555908,0.0,0.0
3.111999988555908,0.0,0.0
3.1239999532699585,0.0,0.0
3.134999990463257,0.0,0.0
3.14900004863739,0.0,0.0
3.159000039100647,0.0,0.0
3.1710000038146973,0.0,0.0
3.1729999780654907,0.0,0.0
3.1829999685287476,0.0,0.0
3.194999933242798,0.0,0.0
3.2079999446868896,0.0,0.0
3.2200000286102295,0.0,0.0
3.2309999465942383,0.0,0.0
3.2330000400543213,0.0,0.0
3.256999969482422,0.0,0.0
3.256999969482422,0.0,0.0
3.26800000667572,0.0,0.0
3.277999997138977,0.0,0.0
3.291000008583069,0.0,0.0
3.2929999828338623,0.0,0.0
3.302999973297119,0.0,0.0
3.3279999494552612,0.0,0.0
3.3279999494552612,0.0,0.0
3.3389999866485596,0.0,0.0
3.353000044822693,0.0,0.0
3.3630000352859497,0.0,0.0
3.3630000352859497,0.0,0.0
3.3769999742507935,0.0,0.0
3.3869999647140503,0.0,0.0
3.39900004863739,0.0,0.0
3.4119999408721924,0.0,0.0
3.412999987602234,0.0,0.0
3.4229999780654907,0.0,0.0
3.434999942779541,0.0,0.0
3.4490000009536743,0.0,0.0
3.458999991416931,0.0,0.0
3.472000002861023,0.0,0.0
3.4730000495910645,0.0,0.0
3.4830000400543213,0.0,0.0
3.4950000047683716,0.0,0.0
3.50600004196167,0.0,0.0
3.521000027656555,0.0,0.0
3.531000018119812,0.0,0.0
3.5329999923706055,0.0,0.0
3.5429999828338623,0.0,0.0
3.5679999589920044,0.0,0.0
3.5679999589920044,0.0,0.0
3.5789999961853027,0.0,0.0
3.590999960899353,0.0,0.0
3.5929999351501465,0.0,0.0
3.603000044822693,0.0,0.0
3.628000020980835,0.0,0.0
3.628000020980835,0.0,0.0
3.6389999389648438,0.0,0.0
3.662999987602234,0.0,0.0
3.662999987602234,0.0,0.0
3.677000045776367,0.0,0.0
3.687000036239624,0.0,0.0
3.6990000009536743,0.0,0.0
3.7109999656677246,0.0,0.0
3.712999939918518,0.0,0.0
3.7339999675750732,0.0,0.0
3.746999979019165,0.0,0.0
3.759999990463257,0.0,0.0
3.771999955177307,0.0,0.0
3.7730000019073486,0.0,0.0
3.7829999923706055,0.0,0.0
3.7970000505447388,0.0,0.0
3.8079999685287476,0.0,0.0
3.8209999799728394,0.0,0.0
3.8320000171661377,0.0,0.0
3.8329999446868896,0.0,0.0
3.8429999351501465,0.0,0.0
3.86899995803833,0.0,0.0
3.86899995803833,0.0,0.0
3.878999948501587,0.0,0.0
3.8910000324249268,0.0,0.0
3.89300000667572,0.0,0.0
3.902999997138977,0.0,0.0
3.916000008583069,0.0,0.0
3.9290000200271606,0.0,0.0
3.9399999380111694,0.0,0.0
3.9520000219345093,0.0,0.0
3.9539999961853027,0.0,0.0
3.965999960899353,0.0,0.0
3.978000044822693,0.0,0.0
3.9880000352859497,0.0,0.0
4.0,0.0,0.0
4.01199996471405,0.0,0.0
4.013999938964844,0.0,0.0
4.047999978065491,0.0,0.0
4.047999978065491,0.0,0.0
4.062000036239624,0.0,0.0
4.072999954223633,0.0,0.0
4.074000000953674,0.0,0.0
4.083999991416931,0.0,0.0
4.0959999561309814,0.0,0.0
4.108000040054321,0.0,0.0
4.121000051498413,0.0,0.0
4.133999943733215,0.0,0.0
4.133999943733215,0.0,0.0
4.143999934196472,0.0,0.0
4.156000018119812,0.0,0.0
4.169999957084656,0.0,0.0
4.179999947547913,0.0,0.0
4.190999984741211,0.0,0.0
4.194000005722046,0.0,0.0
4.203999996185303,0.0,0.0
4.215999960899353,0.0,0.0
4.230000019073486,0.0,0.0
4.238999962806702,0.0,0.0
4.253000020980835,0.0,0.0
4.253999948501587,0.0,0.0
4.266000032424927,0.0,0.0
4.277999997138977,0.0,0.0
4.287999987602234,0.0,0.0
4.299000024795532,0.0,0.0
4.312000036239624,0.0,0.0
4.3140000104904175,0.0,0.0
4.324000000953674,0.0,0.0
4.3480000495910645,0.0,0.0
4.3480000495910645,0.0,0.0
4.360000014305115,0.0,0.0
4.383999943733215,0.0,0.0
4.383999943733215,0.0,0.0
4.394999980926514,0.0,0.0
4.4079999923706055,0.0,0.0
4.419999957084656,0.0,0.0
4.432999968528748,0.0,0.0
4.434000015258789,0.0,0.0
4.444999933242798,0.0,0.0
4.455999970436096,0.0,0.0
4.480000019073486,0.0,0.0
4.480000019073486,0.0,0.0
4.490999937057495,0.0,0.0
4.49399995803833,0.0,0.0
4.503999948501587,0.0,0.0
4.527999997138977,0.0,0.0
4.5290000438690186,0.0,0.0
4.541000008583069,0.0,0.0
4.552000045776367,0.0,0.0
4.554000020027161,0.0,0.0
4.5640000104904175,0.0,0.0
4.590000033378601,0.0,0.0
4.590000033378601,0.0,0.0
4.598999977111816,0.0,0.0
4.611999988555908,0.0,0.0
4.613999962806702,0.0,0.0
4.625,0.0,0.0
4.64900004863739,0.0,0.0
4.64900004863739,0.0,0.0
4.659999966621399,0.0,0.0
4.684999942779541,0.0,0.0
4.684999942779541,0.0,0.0
4.695999979972839,0.0,0.0
4.70799994468689,0.0,0.0
4.7209999561309814,0.0,0.0
4.733000040054321,0.0,0.0
4.733999967575073,0.0,0.0
4.746000051498413,0.0,0.0
4.75600004196167,0.0,0.0
4.764999985694885,0.0,0.0
4.7799999713897705,0.0,0.0
4.789999961853027,0.0,0.0
4.800999999046326,0.0,0.0
4.812999963760376,0.0,0.0
4.8140000104904175,0.0,0.0
4.835999965667725,0.0,0.0
4.835999965667725,0.0,0.0
4.850000023841858,0.0,0.0
4.861999988555908,0.0,0.0
4.884999990463257,0.0,0.0
4.886000037193298,0.0,0.0
4.896000027656555,0.0,0.0
4.909999966621399,0.0,0.0
4.922999978065491,0.0,0.0
4.934000015258789,0.0,0.0
4.934999942779541,0.0,0.0
4.955999970436096,0.0,0.0
4.957000017166138,0.0,0.0
4.9670000076293945,0.0,0.0
4.990999937057495,0.0,0.0
4.990999937057495,0.0,0.0
5.003000020980835,0.0,0.0
5.004999995231628,0.0,0.0
5.014999985694885,0.0,0.0
5.039999961853027,0.0,0.0
5.050999999046326,0.0,0.0
5.052000045776367,0.0,0.0
5.062999963760376,0.0,0.0
5.064999938011169,0.0,0.0
5.085999965667725,0.0,0.0
5.085999965667725,0.0,0.0
5.098999977111816,0.0,0.0
5.110999941825867,0.0,0.0
5.1239999532699585,0.0,0.0
5.125,0.0,0.0
5.134999990463257,0.0,0.0
5.14900004863739,0.0,0.0
5.159000039100647,0.0,0.0
5.172000050544739,0.0,0.0
5.184000015258789,0.0,0.0
5.184999942779541,0.0,0.0
5.194999933242798,0.0,0.0
5.207000017166138,0.0,0.0
5.2200000286102295,0.0,0.0
5.230999946594238,0.0,0.0
5.254999995231628,0.0,0.0
5.254999995231628,0.0,0.0
5.266000032424927,0.0,0.0
5.281000018119812,0.0,0.0
5.289999961853027,0.0,0.0
5.302000045776367,0.0,0.0
5.304999947547913,0.0,0.0
5.314999938011169,0.0,0.0
5.328999996185303,0.0,0.0
5.33899998664856,0.0,0.0
5.351999998092651,0.0,0.0
5.36300003528595,0.0,0.0
5.375,0.0,0.0
5.3760000467300415,0.0,0.0
5.39900004863739,0.0,0.0
5.399999976158142,0.0,0.0
5.41100001335144,0.0,0.0
5.424000024795532,0.0,0.0
5.424999952316284,0.0,0.0
5.434999942779541,0.0,0.0
5.458999991416931,0.0,0.0
5.460000038146973,0.0,0.0
5.472000002861023,0.0,0.0
5.485000014305115,0.0,0.0
5.485000014305115,0.0,0.0
5.495000004768372,0.0,0.0
5.506999969482422,0.0,0.0
5.516999959945679,0.0,0.0
5.531999945640564,0.0,0.0
5.542999982833862,0.0,0.0
5.544999957084656,0.0,0.0
5.555999994277954,0.0,0.0
5.565999984741211,0.0,0.0
5.578999996185303,0.0,0.0
5.5929999351501465,0.0,0.0
5.603000044822693,0.0,0.0
5.605000019073486,0.0,0.0
5.615000009536743,0.0,0.0
5.639999985694885,0.0,0.0
5.639999985694885,0.0,0.0
5.662999987602234,0.0,0.0
5.662999987602234,0.0,0.0
5.664999961853027,0.0,0.0
5.675999999046326,0.0,0.0
5.699000000953674,0.0,0.0
5.699000000953674,0.0,0.0
5.710999965667725,0.0,0.0
5.723999977111816,0.0,0.0
5.725000023841858,0.0,0.0
5.735000014305115,0.0,0.0
5.746999979019165,0.0,0.0
5.759999990463257,0.0,0.0
5.771999955177307,0.0,0.0
5.7829999923706055,0.0,0.0
5.784999966621399,0.0,0.0
5.796000003814697,0.0,0.0
5.807000041007996,0.0,0.0
5.820999979972839,0.0,0.0
5.830999970436096,0.0,0.0
5.843999981880188,0.0,0.0
5.8450000286102295,0.0,0.0
5.85699999332428,0.0,0.0
5.866999983787537,0.0,0.0
5.878999948501587,0.0,0.0
5.902999997138977,0.0,0.0
5.902999997138977,0.0,0.0
5.9049999713897705,0.0,0.0
5.916000008583069,0.0,0.0
5.929999947547913,0.0,0.0
5.939999938011169,0.0,0.0
5.952000021934509,0.0,0.0
5.965000033378601,0.0,0.0
5.965999960899353,0.0,0.0
5.976999998092651,0.0,0.0
5.98800003528595,0.0,0.0
6.0019999742507935,0.0,0.0
6.01199996471405,0.0,0.0
6.024999976158142,0.0,0.0
6.026000022888184,0.0,0.0
6.037999987602234,0.0,0.0
6.047999978065491,0.0,0.0
6.062000036239624,0.0,0.0
6.072999954223633,0.0,0.0
6.08299994468689,0.0,0.0
6.085999965667725,0.0,0.0
6.108000040054321,0.0,0.0
6.110000014305115,0.0,0.0
6.121000051498413,0.0,0.0
6.131999969482422,0.0,0.0
6.143999934196472,0.0,0.0
6.146000027656555,0.0,0.0
6.156000018119812,0.0,0.0
6.180999994277954,0.0,0.0
6.180999994277954,0.0,0.0
6.192000031471252,0.0,0.0
6.205999970436096,0.0,0.0
6.205999970436096,0.0,0.0
6.215999960899353,0.0,0.0
6.230000019073486,0.0,0.0
6.240000009536743,0.0,0.0
6.2519999742507935,0.0,0.0
6.264999985694885,0.0,0.0
6.266000032424927,0.0,0.0
6.2769999504089355,0.0,0.0
6.287999987602234,0.0,0.0
6.302000045776367,0.0,0.0
6.3109999895095825,0.0,0.0
6.325000047683716,0.0,0.0
6.325999975204468,0.0,0.0
6.335999965667725,0.0,0.0
6.348999977111816,0.0,0.0
6.360000014305115,0.0,0.0
6.383999943733215,0.0,0.0
6.384999990463257,0.0,0.0
6.386000037193298,0.0,0.0
6.396000027656555,0.0,0.0
6.409999966621399,0.0,0.0
6.421000003814697,0.0,0.0
6.430999994277954,0.0,0.0
6.444000005722046,0.0,0.0
6.445999979972839,0.0,0.0
6.455999970436096,0.0,0.0
6.480999946594238,0.0,0.0
6.48199999332428,0.0,0.0
6.491999983787537,0.0,0.0
6.50600004196167,0.0,0.0
6.50600004196167,0.0,0.0
6.51800000667572,0.0,0.0
6.539999961853027,0.0,0.0
6.552000045776367,0.0,0.0
6.5640000104904175,0.0,0.0
6.565999984741211,0.0,0.0
6.577999949455261,0.0,0.0
6.587999939918518,0.0,0.0
6.600000023841858,0.0,0.0
6.613999962806702,0.0,0.0
6.6260000467300415,0.0,0.0
6.6260000467300415,0.0,0.0
6.636000037193298,0.0,0.0
6.659999966621399,0.0,0.0
6.659999966621399,0.0,0.0
6.684000015258789,0.0,0.0
6.684000015258789,0.0,0.0
6.6859999895095825,0.0,0.0
6.695999979972839,0.0,0.0
6.7209999561309814,0.0,0.0
6.722000002861023,0.0,0.0
6.73199999332428,0.0,0.0
6.74399995803833,0.0,0.0
6.746000051498413,0.0,0.0
6.756999969482422,0.0,0.0
6.76800000667572,0.0,0.0
6.791999936103821,0.0,0.0
6.792999982833862,0.0,0.0
6.804000020027161,0.0,0.0
6.805999994277954,0.0,0.0
6.817999958992004,0.0,0.0
6.830000042915344,0.0,0.0
6.840999960899353,0.0,0.0
6.851999998092651,0.0,0.0
6.863999962806702,0.0,0.0
6.865999937057495,0.0,0.0
6.888000011444092,0.0,0.0
6.899999976158142,0.0,0.0
6.914999961853027,0.0,0.0
6.925999999046326,0.0,0.0
6.927000045776367,0.0,0.0
6.937000036239624,0.0,0.0
6.949000000953674,0.0,0.0
6.960999965667725,0.0,0.0
6.9730000495910645,0.0,0.0
6.985999941825867,0.0,0.0
6.986999988555908,0.0,0.0
6.996999979019165,0.0,0.0
7.008999943733215,0.0,0.0
7.034000039100647,0.0,0.0
7.034999966621399,0.0,0.0
7.046000003814697,0.0,0.0
7.047000050544739,0.0,0.0
7.057000041007996,0.0,0.0
7.069000005722046,0.0,0.0
7.08299994468689,0.0,0.0
7.0920000076293945,0.0,0.0
7.103999972343445,0.0,0.0
7.10699999332428,0.0,0.0
7.11899995803833,0.0,0.0
7.129999995231628,0.0,0.0
7.139999985694885,0.0,0.0
7.152999997138977,0.0,0.0
7.164999961853027,0.0,0.0
7.166999936103821,0.0,0.0
7.177999973297119,0.0,0.0
7.190999984741211,0.0,0.0
7.200999975204468,0.0,0.0
7.212999939918518,0.0,0.0
7.226999998092651,0.0,0.0
7.23800003528595,0.0,0.0
7.23800003528595,0.0,0.0
7.2489999532699585,0.0,0.0
7.261000037193298,0.0,0.0
7.27400004863739,0.0,0.0
7.286999940872192,0.0,0.0
7.286999940872192,0.0,0.0
7.297000050544739,0.0,0.0
7.307999968528748,0.0,0.0
7.33299994468689,0.0,0.0
7.33299994468689,0.0,0.0
7.3450000286102295,0.0,0.0
7.347000002861023,0.0,0.0
7.35699999332428,0.0,0.0
7.36899995803833,0.0,0.0
7.381999969482422,0.0,0.0
7.393999934196472,0.0,0.0
7.4049999713897705,0.0,0.0
7.406999945640564,0.0,0.0
7.416999936103821,0.0,0.0
7.442999958992004,0.0,0.0
7.442999958992004,0.0,0.0
7.453999996185303,0.0,0.0
7.465000033378601,0.0,0.0
7.4670000076293945,0.0,0.0
7.478000044822693,0.0,0.0
7.5019999742507935,0.0,0.0
7.5019999742507935,0.0,0.0
7.513000011444092,0.0,0.0
7.536999940872192,0.0,0.0
7.536999940872192,0.0,0.0
7.549000024795532,0.0,0.0
7.5609999895095825,0.0,0.0
7.574000000953674,0.0,0.0
7.585000038146973,0.0,0.0
7.587000012397766,0.0,0.0
7.598999977111816,0.0,0.0
7.608999967575073,0.0,0.0
7.621999979019165,0.0,0.0
7.634999990463257,0.0,0.0
7.646000027656555,0.0,0.0
7.646999955177307,0.0,0.0
7.6579999923706055,0.0,0.0
7.669000029563904,0.0,0.0
7.682999968528748,0.0,0.0
7.694999933242798,0.0,0.0
7.705000042915344,0.0,0.0
7.707000017166138,0.0,0.0
7.7170000076293945,0.0,0.0
7.743000030517578,0.0,0.0
7.743000030517578,0.0,0.0
7.753000020980835,0.0,0.0
7.764999985694885,0.0,0.0
7.766999959945679,0.0,0.0
7.777999997138977,0.0,0.0
7.789000034332275,0.0,0.0
7.802999973297119,0.0,0.0
7.812999963760376,0.0,0.0
7.827000021934509,0.0,0.0
7.827000021934509,0.0,0.0
7.83899998664856,0.0,0.0
7.848999977111816,0.0,0.0
7.860999941825867,0.0,0.0
7.8739999532699585,0.0,0.0
7.884999990463257,0.0,0.0
7.88699996471405,0.0,0.0
7.89900004863739,0.0,0.0
7.909999966621399,0.0,0.0
7.922999978065491,0.0,0.0
7.9359999895095825,0.0,0.0
7.945999979972839,0.0,0.0
7.947999954223633,0.0,0.0
7.95799994468689,0.0,0.0
7.9700000286102295,0.0,0.0
7.983000040054321,0.0,0.0
7.99399995803833,0.0,0.0
8.006999969482422,0.0,0.0
8.008000016212463,0.0,0.0
8.018999934196472,0.0,0.0
8.031999945640564,0.0,0.0
8.044000029563904,0.0,0.0
8.05400002002716,0.0,0.0
8.06499993801117,0.0,0.0
8.067999958992004,0.0,0.0
8.078999996185303,0.0,0.0
8.090000033378601,0.0,0.0
8.103999972343445,0.0,0.0
8.113999962806702,0.0,0.0
8.126999974250793,0.0,0.0
8.128000020980835,0.0,0.0
8.139999985694885,0.0,0.0
8.149999976158142,0.0,0.0
8.16100001335144,0.0,0.0
8.174999952316284,0.0,0.0
8.185999989509583,0.0,0.0
8.187999963760376,0.0,0.0
8.197999954223633,0.0,0.0
8.220999956130981,0.0,0.0
8.223999977111816,0.0,0.0
8.233999967575073,0.0,0.0
8.258000016212463,0.0,0.0
8.258999943733215,0.0,0.0
8.271000027656555,0.0,0.0
8.281999945640564,0.0,0.0
8.294999957084656,0.0,0.0
8.307999968528748,0.0,0.0
8.307999968528748,0.0,0.0
8.317999958992004,0.0,0.0
8.343999981880188,0.0,0.0
8.343999981880188,0.0,0.0
8.353999972343445,0.0,0.0
8.365000009536743,0.0,0.0
8.368000030517578,0.0,0.0
8.378999948501587,0.0,0.0
8.389999985694885,0.0,0.0
8.401999950408936,0.0,0.0
8.416000008583069,0.0,0.0
8.42799997329712,0.0,0.0
8.42799997329712,0.0,0.0
8.437999963760376,0.0,0.0
8.462999939918518,0.0,0.0
8.462999939918518,0.0,0.0
8.475000023841858,0.0,0.0
8.485999941825867,0.0,0.0
8.48800003528595,0.0,0.0
8.498000025749207,0.0,0.0
8.51199996471405,0.0,0.0
8.52400004863739,0.0,0.0
8.534000039100647,0.0,0.0
8.54799997806549,0.0,0.0
8.54799997806549,0.0,0.0
8.557999968528748,0.0,0.0
8.569000005722046,0.0,0.0
8.582000017166138,0.0,0.0
8.593999981880188,0.0,0.0
8.605999946594238,0.0,0.0
8.608000040054321,0.0,0.0
8.620000004768372,0.0,0.0
8.631999969482422,0.0,0.0
8.64300000667572,0.0,0.0
8.656000018119812,0.0,0.0
8.666000008583069,0.0,0.0
8.667999982833862,0.0,0.0
8.67900002002716,0.0,0.0
8.68999993801117,0.0,0.0
8.700999975204468,0.0,0.0
8.715999960899353,0.0,0.0
8.728000044822693,0.0,0.0
8.728000044822693,0.0,0.0
8.73800003528595,0.0,0.0
8.763000011444092,0.0,0.0
8.763000011444092,0.0,0.0
8.774999976158142,0.0,0.0
8.78600001335144,0.0,0.0
8.787999987602234,0.0,0.0
8.79799997806549,0.0,0.0
8.809999942779541,0.0,0.0
8.824000000953674,0.0,0.0
8.835000038146973,0.0,0.0
8.845999956130981,0.0,0.0
8.848000049591064,0.0,0.0
8.860000014305115,0.0,0.0
8.870000004768372,0.0,0.0
8.883000016212463,0.0,0.0
8.894999980926514,0.0,0.0
8.906000018119812,0.0,0.0
8.909000039100647,0.0,0.0
8.921000003814697,0.0,0.0
8.932999968528748,0.0,0.0
8.942000031471252,0.0,0.0
8.957000017166138,0.0,0.0
8.967000007629395,0.0,0.0
8.968999981880188,0.0,0.0
8.980000019073486,0.0,0.0
8.991999983787537,0.0,0.0
9.003000020980835,0.0,0.0
9.014999985694885,0.0,0.0
9.039999961853027,0.0,0.0
9.039999961853027,0.0,0.0
9.052000045776367,0.0,0.0
9.06499993801117,0.0,0.0
9.075999975204468,0.0,0.0
9.087999939918518,0.0,0.0
9.08899998664856,0.0,0.0
9.098999977111816,0.0,0.0
9.110999941825867,0.0,0.0
9.134999990463257,0.0,0.0
9.134999990463257,0.0,0.0
9.146000027656555,0.0,0.0
9.14900004863739,0.0,0.0
9.16100001335144,0.0,0.0
9.171000003814697,0.0,0.0
9.182000041007996,0.0,0.0
9.194999933242798,0.0,0.0
9.207000017166138,0.0,0.0
9.208999991416931,0.0,0.0
9.218999981880188,0.0,0.0
9.24399995803833,0.0,0.0
9.24399995803833,0.0,0.0
9.25600004196167,0.0,0.0
9.268999934196472,0.0,0.0
9.268999934196472,0.0,0.0
9.281000018119812,0.0,0.0
9.291000008583069,0.0,0.0
9.302000045776367,0.0,0.0
9.31499993801117,0.0,0.0
9.340000033378601,0.0,0.0
9.340000033378601,0.0,0.0
9.35099995136261,0.0,0.0
9.376000046730042,0.0,0.0
9.376000046730042,0.0,0.0
9.38699996471405,0.0,0.0
9.388999938964844,0.0,0.0
9.399999976158142,0.0,0.0
9.41100001335144,0.0,0.0
9.422000050544739,0.0,0.0
9.435999989509583,0.0,0.0
9.447999954223633,0.0,0.0
9.449000000953674,0.0,0.0
9.460000038146973,0.0,0.0
9.483999967575073,0.0,0.0
9.483999967575073,0.0,0.0
9.495000004768372,0.0,0.0
9.506999969482422,0.0,0.0
9.508999943733215,0.0,0.0
9.518999934196472,0.0,0.0
9.544999957084656,0.0,0.0
9.544999957084656,0.0,0.0
9.554999947547913,0.0,0.0
9.569000005722046,0.0,0.0
9.569000005722046,0.0,0.0
9.580999970436096,0.0,0.0
9.592000007629395,0.0,0.0
9.603000044822693,0.0,0.0
9.615000009536743,0.0,0.0
9.628000020980835,0.0,0.0
9.628999948501587,0.0,0.0
9.641000032424927,0.0,0.0
9.651000022888184,0.0,0.0
9.662999987602234,0.0,0.0
9.687000036239624,0.0,0.0
9.687999963760376,0.0,0.0
9.689000010490417,0.0,0.0
9.699000000953674,0.0,0.0
9.710999965667725,0.0,0.0
9.722000002861023,0.0,0.0
9.736999988555908,0.0,0.0
9.746999979019165,0.0,0.0
9.748999953269958,0.0,0.0
9.758999943733215,0.0,0.0
9.784999966621399,0.0,0.0
9.784999966621399,0.0,0.0
9.794999957084656,0.0,0.0
9.807000041007996,0.0,0.0
9.809000015258789,0.0,0.0
9.819999933242798,0.0,0.0
9.832000017166138,0.0,0.0
9.84500002861023,0.0,0.0
9.855000019073486,0.0,0.0
9.865999937057495,0.0,0.0
9.86899995803833,0.0,0.0
9.891000032424927,0.0,0.0
9.891000032424927,0.0,0.0
9.904000043869019,0.0,0.0
9.914999961853027,0.0,0.0
9.92900002002716,0.0,0.0
9.929999947547913,0.0,0.0
9.942000031471252,0.0,0.0
9.95200002193451,0.0,0.0
9.962999939918518,0.0,0.0
9.988999962806702,0.0,0.0
9.988999962806702,0.0,0.0
9.990000009536743,0.0,0.0
10.001000046730042,0.0,0.0
10.01199996471405,0.0,0.0
10.023000001907349,0.0,0.0
10.03600001335144,0.0,0.0
10.049999952316284,0.0,0.0
10.050999999046326,0.0,0.0
10.059999942779541,0.0,0.0
10.07200002670288,0.0,0.0
10.095999956130981,0.0,0.0
10.097000002861023,0.0,0.0
10.108000040054321,0.0,0.0
10.110000014305115,0.0,0.0
10.121000051498413,0.0,0.0
10.144999980926514,0.0,0.0
10.146000027656555,0.0,0.0
10.156000018119812,0.0,0.0
10.169000029563904,0.0,0.0
10.169999957084656,0.0,0.0
10.192000031471252,0.0,0.0
10.192999958992004,0.0,0.0
10.203999996185303,0.0,0.0
10.215000033378601,0.0,0.0
10.228999972343445,0.0,0.0
10.230000019073486,0.0,0.0
10.240999937057495,0.0,0.0
10.263000011444092,0.0,0.0
10.263000011444092,0.0,0.0
10.276999950408936,0.0,0.0
10.289999961853027,0.0,0.0
10.289999961853027,0.0,0.0
10.299999952316284,0.0,0.0
10.312000036239624,0.0,0.0
10.325999975204468,0.0,0.0
10.337000012397766,0.0,0.0
10.350000023841858,0.0,0.0
10.350000023841858,0.0,0.0
10.360000014305115,0.0,0.0
10.371999979019165,0.0,0.0
10.396000027656555,0.0,0.0
10.396999955177307,0.0,0.0
10.407999992370605,0.0,0.0
10.409999966621399,0.0,0.0
10.419999957084656,0.0,0.0
10.444999933242798,0.0,0.0
10.44599997997284,0.0,0.0
10.457000017166138,0.0,0.0
10.467999935150146,0.0,0.0
10.47000002861023,0.0,0.0
10.480999946594238,0.0,0.0
10.503999948501587,0.0,0.0
10.504999995231628,0.0,0.0
10.516000032424927,0.0,0.0
10.529000043869019,0.0,0.0
10.52999997138977,0.0,0.0
10.541000008583069,0.0,0.0
10.554999947547913,0.0,0.0
10.562999963760376,0.0,0.0
10.57700002193451,0.0,0.0
10.590000033378601,0.0,0.0
10.590000033378601,0.0,0.0
10.600000023841858,0.0,0.0
10.611999988555908,0.0,0.0
10.623000025749207,0.0,0.0
10.636000037193298,0.0,0.0
10.648000001907349,0.0,0.0
10.649999976158142,0.0,0.0
10.661999940872192,0.0,0.0
10.672000050544739,0.0,0.0
10.684999942779541,0.0,0.0
10.697999954223633,0.0,0.0
10.707000017166138,0.0,0.0
10.710000038146973,0.0,0.0
10.720999956130981,0.0,0.0
10.733000040054321,0.0,0.0
10.743000030517578,0.0,0.0
10.758000016212463,0.0,0.0
10.76800000667572,0.0,0.0
10.769999980926514,0.0,0.0
10.781000018119812,0.0,0.0
10.804999947547913,0.0,0.0
10.804999947547913,0.0,0.0
10.815999984741211,0.0,0.0
10.828999996185303,0.0,0.0
10.830000042915344,0.0,0.0
10.840999960899353,0.0,0.0
10.851999998092651,0.0,0.0
10.865999937057495,0.0,0.0
10.876999974250793,0.0,0.0
10.888000011444092,0.0,0.0
10.889999985694885,0.0,0.0
10.914000034332275,0.0,0.0
10.914000034332275,0.0,0.0
10.924000024795532,0.0,0.0
10.935999989509583,0.0,0.0
10.947999954223633,0.0,0.0
10.960999965667725,0.0,0.0
10.962000012397766,0.0,0.0
10.972000002861023,0.0,0.0
10.985999941825867,0.0,0.0
10.996999979019165,0.0,0.0
11.008000016212463,0.0,0.0
11.018999934196472,0.0,0.0
11.021999955177307,0.0,0.0
11.031999945640564,0.0,0.0
11.044000029563904,0.0,0.0
11.055999994277954,0.0,0.0
11.069000005722046,0.0,0.0
11.080000042915344,0.0,0.0
11.082000017166138,0.0,0.0
11.090999960899353,0.0,0.0
11.115999937057495,0.0,0.0
11.115999937057495,0.0,0.0
11.138000011444092,0.0,0.0
11.138999938964844,0.0,0.0
11.14300000667572,0.0,0.0
11.151000022888184,0.0,0.0
11.162999987602234,0.0,0.0
11.17299997806549,0.0,0.0
11.187000036239624,0.0,0.0
11.190999984741211,0.0,0.0
11.208999991416931,0.0,0.0
11.210999965667725,0.0,0.0
11.220999956130981,0.0,0.0
11.24399995803833,0.0,0.0
11.24399995803833,0.0,0.0
11.253999948501587,0.0,0.0
11.26800000667572,0.0,0.0
11.281000018119812,0.0,0.0
11.281000018119812,0.0,0.0
11.291000008583069,0.0,0.0
11.315999984741211,0.0,0.0
11.315999984741211,0.0,0.0
11.327999949455261,0.0,0.0
11.33899998664856,0.0,0.0
11.340999960899353,0.0,0.0
11.351999998092651,0.0,0.0
11.376999974250793,0.0,0.0
11.376999974250793,0.0,0.0
11.38699996471405,0.0,0.0
11.39900004863739,0.0,0.0
11.401000022888184,0.0,0.0
11.412999987602234,0.0,0.0
11.42299997806549,0.0,0.0
11.437000036239624,0.0,0.0
11.44700002670288,0.0,0.0
11.458999991416931,0.0,0.0
11.460999965667725,0.0,0.0
11.473000049591064,0.0,0.0
11.483999967575073,0.0,0.0
11.49399995803833,0.0,0.0
11.508999943733215,0.0,0.0
11.519999980926514,0.0,0.0
11.521000027656555,0.0,0.0
11.531999945640564,0.0,0.0
11.542999982833862,0.0,0.0
11.554999947547913,0.0,0.0
11.569000005722046,0.0,0.0
11.580999970436096,0.0,0.0
11.580999970436096,0.0,0.0
11.592000007629395,0.0,0.0
11.603000044822693,0.0,0.0
11.616999983787537,0.0,0.0
11.628000020980835,0.0,0.0
11.639999985694885,0.0,0.0
11.641000032424927,0.0,0.0
11.651000022888184,0.0,0.0
11.662999987602234,0.0,0.0
11.687000036239624,0.0,0.0
11.687000036239624,0.0,0.0
11.699000000953674,0.0,0.0
11.700999975204468,0.0,0.0
11.712999939918518,0.0,0.0
11.723000049591064,0.0,0.0
11.733999967575073,0.0,0.0
11.746999979019165,0.0,0.0
11.759999990463257,0.0,0.0
11.761000037193298,0.0,0.0
11.773000001907349,0.0,0.0
11.784000039100647,0.0,0.0
11.794000029563904,0.0,0.0
11.807000041007996,0.0,0.0
11.82099997997284,0.0,0.0
11.82200002670288,0.0,0.0
11.83299994468689,0.0,0.0
11.843999981880188,0.0,0.0
11.855000019073486,0.0,0.0
11.866999983787537,0.0,0.0
11.891000032424927,0.0,0.0
11.891000032424927,0.0,0.0
11.902999997138977,0.0,0.0
11.917999982833862,0.0,0.0
11.929999947547913,0.0,0.0
11.940999984741211,0.0,0.0
11.942000031471252,0.0,0.0
11.95200002193451,0.0,0.0
11.96399998664856,0.0,0.0
11.988999962806702,0.0,0.0
11.988999962806702,0.0,0.0
12.001000046730042,0.0,0.0
12.003000020980835,0.0,0.0
12.013000011444092,0.0,0.0
12.037999987602234,0.0,0.0
12.04799997806549,0.0,0.0
12.04799997806549,0.0,0.0
12.059999942779541,0.0,0.0
12.062000036239624,0.0,0.0
12.072999954223633,0.0,0.0
12.097000002861023,0.0,0.0
12.097000002861023,0.0,0.0
12.108000040054321,0.0,0.0
12.121999979019165,0.0,0.0
12.121999979019165,0.0,0.0
12.133000016212463,0.0,0.0
12.14300000667572,0.0,0.0
12.15499997138977,0.0,0.0
12.167999982833862,0.0,0.0
12.192000031471252,0.0,0.0
12.192999958992004,0.0,0.0
12.205000042915344,0.0,0.0
12.217000007629395,0.0,0.0
12.230999946594238,0.0,0.0
12.240000009536743,0.0,0.0
12.241999983787537,0.0,0.0
12.253000020980835,0.0,0.0
12.264999985694885,0.0,0.0
12.274999976158142,0.0,0.0
12.289000034332275,0.0,0.0
12.299999952316284,0.0,0.0
12.302000045776367,0.0,0.0
12.312000036239624,0.0,0.0
12.337999939918518,0.0,0.0
12.337999939918518,0.0,0.0
12.348000049591064,0.0,0.0
12.360000014305115,0.0,0.0
12.361999988555908,0.0,0.0
12.373000025749207,0.0,0.0
12.398000001907349,0.0,0.0
12.398000001907349,0.0,0.0
12.407999992370605,0.0,0.0
12.421000003814697,0.0,0.0
12.42299997806549,0.0,0.0
12.444999933242798,0.0,0.0
12.444999933242798,0.0,0.0
12.455000042915344,0.0,0.0
12.467999935150146,0.0,0.0
12.48199999332428,0.0,0.0
12.48199999332428,0.0,0.0
12.49399995803833,0.0,0.0
12.503999948501587,0.0,0.0
12.514999985694885,0.0,0.0
12.541000008583069,0.0,0.0
12.541000008583069,0.0,0.0
12.54199993610382,0.0,0.0
12.55299997329712,0.0,0.0
12.564000010490417,0.0,0.0
12.577999949455261,0.0,0.0
12.590000033378601,0.0,0.0
12.600000023841858,0.0,0.0
12.601999998092651,0.0,0.0
12.61300003528595,0.0,0.0
12.623000025749207,0.0,0.0
12.64900004863739,0.0,0.0
12.649999976158142,0.0,0.0
12.66100001335144,0.0,0.0
12.661999940872192,0.0,0.0
12.672000050544739,0.0,0.0
12.687000036239624,0.0,0.0
12.697999954223633,0.0,0.0
12.70799994468689,0.0,0.0
12.720999956130981,0.0,0.0
12.723000049591064,0.0,0.0
12.735000014305115,0.0,0.0
12.74399995803833,0.0,0.0
12.754999995231628,0.0,0.0
12.76800000667572,0.0,0.0
12.781999945640564,0.0,0.0
12.781999945640564,0.0,0.0
12.794000029563904,0.0,0.0
12.80400002002716,0.0,0.0
12.81499993801117,0.0,0.0
12.828999996185303,0.0,0.0
12.851999998092651,0.0,0.0
12.853000044822693,0.0,0.0
12.863999962806702,0.0,0.0
12.875,0.0,0.0
12.888999938964844,0.0,0.0
12.901999950408936,0.0,0.0
12.902999997138977,0.0,0.0
12.914000034332275,0.0,0.0
12.924000024795532,0.0,0.0
12.949000000953674,0.0,0.0
12.950000047683716,0.0,0.0
12.962000012397766,0.0,0.0
12.962999939918518,0.0,0.0
12.973000049591064,0.0,0.0
12.985999941825867,0.0,0.0
12.998999953269958,0.0,0.0
13.008999943733215,0.0,0.0
13.021000027656555,0.0,0.0
13.023000001907349,0.0,0.0
13.03600001335144,0.0,0.0
13.057999968528748,0.0,0.0
13.069999933242798,0.0,0.0
13.08299994468689,0.0,0.0
13.08299994468689,0.0,0.0
13.093999981880188,0.0,0.0
13.115999937057495,0.0,0.0
13.118000030517578,0.0,0.0
13.129999995231628,0.0,0.0
13.14300000667572,0.0,0.0
13.14300000667572,0.0,0.0
13.154000043869019,0.0,0.0
13.164999961853027,0.0,0.0
13.175999999046326,0.0,0.0
13.189000010490417,0.0,0.0
13.202999949455261,0.0,0.0
13.202999949455261,0.0,0.0
13.21399998664856,0.0,0.0
13.225000023841858,0.0,0.0
13.23800003528595,0.0,0.0
13.261000037193298,0.0,0.0
13.26199996471405,0.0,0.0
13.263999938964844,0.0,0.0
13.273000001907349,0.0,0.0
13.29799997806549,0.0,0.0
13.299000024795532,0.0,0.0
13.310999989509583,0.0,0.0
13.32099997997284,0.0,0.0
13.322999954223633,0.0,0.0
13.335000038146973,0.0,0.0
13.355999946594238,0.0,0.0
13.358000040054321,0.0,0.0
13.36899995803833,0.0,0.0
13.381999969482422,0.0,0.0
13.383000016212463,0.0,0.0
13.393999934196472,0.0,0.0
13.416000008583069,0.0,0.0
13.417999982833862,0.0,0.0
13.429999947547913,0.0,0.0
13.442000031471252,0.0,0.0
13.442999958992004,0.0,0.0
13.453999996185303,0.0,0.0
13.465000033378601,0.0,0.0
13.478999972343445,0.0,0.0
13.490000009536743,0.0,0.0
13.501999974250793,0.0,0.0
13.503000020980835,0.0,0.0
13.513999938964844,0.0,0.0
13.524999976158142,0.0,0.0
13.537999987602234,0.0,0.0
13.550999999046326,0.0,0.0
13.560999989509583,0.0,0.0
13.562999963760376,0.0,0.0
13.572999954223633,0.0,0.0
13.585999965667725,0.0,0.0
13.595999956130981,0.0,0.0
13.610999941825867,0.0,0.0
13.621000051498413,0.0,0.0
13.623999953269958,0.0,0.0
13.634999990463257,0.0,0.0
13.646000027656555,0.0,0.0
13.659000039100647,0.0,0.0
13.669999957084656,0.0,0.0
13.682999968528748,0.0,0.0
13.682999968528748,0.0,0.0
13.692999958992004,0.0,0.0
13.705000042915344,0.0,0.0
13.718999981880188,0.0,0.0
13.730000019073486,0.0,0.0
13.740999937057495,0.0,0.0
13.743000030517578,0.0,0.0
13.754999995231628,0.0,0.0
13.764999985694885,0.0,0.0
13.776000022888184,0.0,0.0
13.789000034332275,0.0,0.0
13.799999952316284,0.0,0.0
13.80299997329712,0.0,0.0
13.825000047683716,0.0,0.0
13.825000047683716,0.0,0.0
13.840000033378601,0.0,0.0
13.85099995136261,0.0,0.0
13.86300003528595,0.0,0.0
13.863999962806702,0.0,0.0
13.873000025749207,0.0,0.0
13.886000037193298,0.0,0.0
13.896000027656555,0.0,0.0
13.909999966621399,0.0,0.0
13.92299997806549,0.0,0.0
13.924000024795532,0.0,0.0
13.935999989509583,0.0,0.0
13.94700002670288,0.0,0.0
13.960000038146973,0.0,0.0
13.97000002861023,0.0,0.0
13.983999967575073,0.0,0.0
13.983999967575073,0.0,0.0
13.995000004768372,0.0,0.0
14.00600004196167,0.0,0.0
14.019999980926514,0.0,0.0
14.031000018119812,0.0,0.0
14.042999982833862,0.0,0.0
14.054999947547913,0.0,0.0
14.054999947547913,0.0,0.0
14.07700002193451,0.0,0.0
14.07700002193451,0.0,0.0
14.090000033378601,0.0,0.0
14.101999998092651,0.0,0.0
14.103999972343445,0.0,0.0
14.113999962806702,0.0,0.0
14.139999985694885,0.0,0.0
14.141000032424927,0.0,0.0
14.149999976158142,0.0,0.0
14.164000034332275,0.0,0.0
14.164000034332275,0.0,0.0
14.174999952316284,0.0,0.0
14.187000036239624,0.0,0.0
14.19700002670288,0.0,0.0
14.210000038146973,0.0,0.0
14.223999977111816,0.0,0.0
14.223999977111816,0.0,0.0
14.235999941825867,0.0,0.0
14.246000051498413,0.0,0.0
14.256999969482422,0.0,0.0
14.282999992370605,0.0,0.0
14.282999992370605,0.0,0.0
14.284000039100647,0.0,0.0
14.294999957084656,0.0,0.0
14.307000041007996,0.0,0.0
14.317000031471252,0.0,0.0
14.332000017166138,0.0,0.0
14.342000007629395,0.0,0.0
14.343999981880188,0.0,0.0
14.353999972343445,0.0,0.0
14.376999974250793,0.0,0.0
14.379999995231628,0.0,0.0
14.389999985694885,0.0,0.0
14.401999950408936,0.0,0.0
14.40499997138977,0.0,0.0
14.414000034332275,0.0,0.0
14.440999984741211,0.0,0.0
14.440999984741211,0.0,0.0
14.450999975204468,0.0,0.0
14.462000012397766,0.0,0.0
14.46399998664856,0.0,0.0
14.47599995136261,0.0,0.0
14.486999988555908,0.0,0.0
14.496999979019165,0.0,0.0
14.511000037193298,0.0,0.0
14.521999955177307,0.0,0.0
14.52400004863739,0.0,0.0
14.53600001335144,0.0,0.0
14.544999957084656,0.0,0.0
14.557000041007996,0.0,0.0
14.57200002670288,0.0,0.0
14.583999991416931,0.0,0.0
14.583999991416931,0.0,0.0
14.59500002861023,0.0,0.0
14.605999946594238,0.0,0.0
14.61899995803833,0.0,0.0
14.643999934196472,0.0,0.0
14.643999934196472,0.0,0.0
14.654000043869019,0.0,0.0
14.666000008583069,0.0,0.0
14.690999984741211,0.0,0.0
14.690999984741211,0.0,0.0
14.70200002193451,0.0,0.0
14.703999996185303,0.0,0.0
14.715000033378601,0.0,0.0
14.72599995136261,0.0,0.0
14.75,0.0,0.0
14.75,0.0,0.0
14.76199996471405,0.0,0.0
14.764999985694885,0.0,0.0
14.776000022888184,0.0,0.0
14.786999940872192,0.0,0.0
14.797000050544739,0.0,0.0
14.809999942779541,0.0,0.0
14.82200002670288,0.0,0.0
14.824000000953674,0.0,0.0
14.847000002861023,0.0,0.0
14.847000002861023,0.0,0.0
14.85699999332428,0.0,0.0
14.870000004768372,0.0,0.0
14.894999980926514,0.0,0.0
14.894999980926514,0.0,0.0
14.907999992370605,0.0,0.0
14.917999982833862,0.0,0.0
14.932000041007996,0.0,0.0
14.944999933242798,0.0,0.0
14.944999933242798,0.0,0.0
14.955000042915344,0.0,0.0
14.967000007629395,0.0,0.0
14.991999983787537,0.0,0.0
14.991999983787537,0.0,0.0
15.003999948501587,0.0,0.0
15.004999995231628,0.0,0.0
15.014999985694885,0.0,0.0
15.026999950408936,0.0,0.0
15.050999999046326,0.0,0.0
15.052000045776367,0.0,0.0
15.064000010490417,0.0,0.0
15.065999984741211,0.0,0.0
15.075000047683716,0.0,0.0
15.100000023841858,0.0,0.0
15.10099995136261,0.0,0.0
15.111999988555908,0.0,0.0
15.121999979019165,0.0,0.0
15.126000046730042,0.0,0.0
15.136000037193298,0.0,0.0
15.159999966621399,0.0,0.0
15.16100001335144,0.0,0.0
15.172000050544739,0.0,0.0
15.19599997997284,0.0,0.0
15.19599997997284,0.0,0.0
15.207000017166138,0.0,0.0
15.218999981880188,0.0,0.0
15.233999967575073,0.0,0.0
15.245000004768372,0.0,0.0
15.254999995231628,0.0,0.0
15.266999959945679,0.0,0.0
15.277999997138977,0.0,0.0
15.292999982833862,0.0,0.0
15.30400002002716,0.0,0.0
15.304999947547913,0.0,0.0
15.315999984741211,0.0,0.0
15.340000033378601,0.0,0.0
15.340999960899353,0.0,0.0
15.351999998092651,0.0,0.0
15.36300003528595,0.0,0.0
15.365999937057495,0.0,0.0
15.375,0.0,0.0
15.399999976158142,0.0,0.0
15.401000022888184,0.0,0.0
15.41100001335144,0.0,0.0
15.42299997806549,0.0,0.0
15.425999999046326,0.0,0.0
15.435999989509583,0.0,0.0
15.450000047683716,0.0,0.0
15.458999991416931,0.0,0.0
15.470999956130981,0.0,0.0
15.485999941825867,0.0,0.0
15.496999979019165,0.0,0.0
15.496999979019165,0.0,0.0
15.508000016212463,0.0,0.0
15.51800000667572,0.0,0.0
15.531999945640564,0.0,0.0
15.544000029563904,0.0,0.0
15.546000003814697,0.0,0.0
15.557000041007996,0.0,0.0
15.567999958992004,0.0,0.0
15.578999996185303,0.0,0.0
15.592999935150146,0.0,0.0
15.603000044822693,0.0,0.0
15.605999946594238,0.0,0.0
15.615000009536743,0.0,0.0
15.628000020980835,0.0,0.0
15.641000032424927,0.0,0.0
15.652999997138977,0.0,0.0
15.662999987602234,0.0,0.0
15.666000008583069,0.0,0.0
15.674999952316284,0.0,0.0
15.687999963760376,0.0,0.0
15.700999975204468,0.0,0.0
15.710999965667725,0.0,0.0
15.723999977111816,0.0,0.0
15.72599995136261,0.0,0.0
15.735999941825867,0.0,0.0
15.746999979019165,0.0,0.0
15.761000037193298,0.0,0.0
15.771999955177307,0.0,0.0
15.784000039100647,0.0,0.0
15.78600001335144,2.929,0.0
15.797000050544739,0.0,0.0
15.807000041007996,2.929,0.0
15.817999958992004,0.0,0.0
15.832000017166138,2.929,0.0
15.843999981880188,2.929,0.0
15.845999956130981,0.0,0.0
15.85699999332428,2.929,0.0
15.866999983787537,2.929,0.0
15.878000020980835,2.929,0.0
15.891000032424927,5.859,0.0
15.90499997138977,5.859,0.0
15.90499997138977,5.859,0.0
15.91699993610382,5.859,0.0
15.92900002002716,5.859,0.0
15.940999984741211,8.789,0.0
15.95200002193451,8.789,0.0
15.965999960899353,11.718,0.0
15.967000007629395,8.789,0.0
15.976999998092651,14.648,0.0
15.990999937057495,11.718,0.0
16.001999974250793,14.648,0.0
16.01199996471405,14.648,0.0
16.024999976158142,14.648,0.0
16.026000022888184,17.578,0.0
16.037999987602234,20.507,0.0
16.04799997806549,20.507,0.0
16.062000036239624,23.437,0.0
16.07200002670288,23.437,0.0
16.085999965667725,26.367,0.0
16.085999965667725,29.296,0.0
16.097000002861023,29.296,0.0
16.108999967575073,35.156,0.0
16.11899995803833,35.156,0.0
16.133000016212463,35.156,0.0
16.144999980926514,41.015,0.0
16.146000027656555,41.015,0.0
16.156999945640564,46.875,0.0
16.169000029563904,43.945,0.0
16.179999947547913,49.804,0.0
16.192999958992004,52.734,0.0
16.205000042915344,52.734,0.0
16.207000017166138,52.734,0.0
16.215999960899353,58.593,0.0
16.228000044822693,61.523,0.0
16.241999983787537,61.523,0.0
16.251999974250793,67.382,0.0
16.264999985694885,67.382,0.0
16.266000032424927,70.312,0.0
16.276000022888184,73.242,0.0
16.289000034332275,73.242,0.0
16.299000024795532,76.171,0.0
16.314000010490417,73.242,0.0
16.324000000953674,76.171,0.0
16.32700002193451,76.171,0.0
16.337999939918518,76.171,0.0
16.348999977111816,73.242,0.0
16.358999967575073,76.171,0.0
16.37399995326996,73.242,0.0
16.3860000371933,70.312,0.0
16.3860000371933,70.312,0.0
16.396999955177307,70.312,0.0
16.419000029563904,70.312,0.0
16.419999957084656,70.312,0.0
16.432999968528748,70.312,0.0
16.444999933242798,67.382,0.0
16.44599997997284,67.382,0.0
16.455999970436096,67.382,0.0
16.48199999332428,67.382,0.0
16.48300004005432,67.382,0.0
16.491999983787537,64.453,0.0
16.503999948501587,67.382,0.0
16.506999969482422,64.453,0.0
16.51800000667572,64.453,0.0
16.52900004386902,64.453,0.0
16.54199993610382,64.453,0.0
16.552000045776367,61.523,0.0
16.564000010490417,61.523,0.0
16.567000031471252,61.523,0.0
16.57700002193451,58.593,0.0
16.590999960899353,61.523,0.0
16.598999977111816,58.593,0.0
16.6139999628067,58.593,0.0
16.62399995326996,61.523,0.0
16.626999974250793,61.523,0.0
16.638000011444092,58.593,0.0
16.64800000190735,55.664,0.0
16.657999992370605,55.664,0.0
16.669000029563904,52.734,0.0
16.682999968528748,55.664,0.0
16.687999963760376,52.734,0.0
16.705000042915344,52.734,0.0
16.707000017166138,52.734,0.0
16.718999981880188,52.734,0.0
16.728999972343445,49.804,0.0
16.735999941825867,49.804,0.0
16.748000025749207,49.804,0.0
16.764999985694885,43.945,0.0
16.76699995994568,43.945,0.0
16.77900004386902,43.945,0.0
16.79100000858307,43.945,0.0
16.796000003814697,43.945,0.0
16.807999968528748,49.804,0.0
16.825000047683716,49.804,0.0
16.82700002193451,52.734,0.0
16.853999972343445,55.664,0.0
16.855000019073486,55.664,0.0
16.85599994659424,61.523,0.0
16.866999983787537,61.523,0.0
16.87999999523163,64.453,0.0
16.89199995994568,67.382,0.0
16.901999950408936,67.382,0.0
16.9099999666214,67.382,0.0
16.927000045776367,73.242,0.0
16.927000045776367,73.242,0.0
16.93999993801117,76.171,0.0
16.950000047683716,76.171,0.0
16.962999939918518,76.171,0.0
16.97000002861023,76.171,0.0
16.97699999809265,79.101,0.0
16.9889999628067,76.171,0.0
16.998000025749207,79.101,0.0
17.0110000371933,76.171,0.0
17.01800000667572,76.171,0.0
17.036999940872192,76.171,0.0
17.046000003814697,76.171,0.0
17.04700005054474,73.242,0.0
17.057999968528748,73.242,0.0
17.069999933242798,73.242,0.0
17.093999981880188,73.242,0.0
17.093999981880188,73.242,0.0
17.105000019073486,73.242,0.0
17.10800004005432,73.242,0.0
17.116999983787537,70.312,0.0
17.12999999523163,70.312,0.0
17.141000032424927,70.312,0.0
17.149999976158142,67.382,0.0
17.164000034332275,70.312,0.0
17.175999999046326,67.382,0.0
17.17799997329712,67.382,0.0
17.200000047683716,67.382,0.0
17.200000047683716,67.382,0.0
17.210000038146973,64.453,0.0
17.225000023841858,67.382,0.0
17.23800003528595,64.453,0.0
17.23800003528595,64.453,0.0
17.246999979019165,64.453,0.0
17.258999943733215,64.453,0.0
17.27300000190735,61.523,0.0
17.296000003814697,64.453,0.0
17.296000003814697,61.523,0.0
17.29700005054474,61.523,0.0
17.307000041007996,58.593,0.0
17.317999958992004,61.523,0.0
17.340999960899353,58.593,0.0
17.342000007629395,58.593,0.0
17.353000044822693,55.664,0.0
17.360000014305115,58.593,0.0
17.366999983787537,55.664,0.0
17.376999974250793,55.664,0.0
17.391000032424927,52.734,0.0
17.399999976158142,52.734,0.0
17.407999992370605,52.734,0.0
17.424999952316284,49.804,0.0
17.437999963760376,52.734,0.0
17.437999963760376,52.734,0.0
17.449000000953674,55.664,0.0
17.460000038146973,58.593,0.0
17.467999935150146,58.593,0.0
17.498000025749207,61.523,0.0
17.498000025749207,64.453,0.0
17.509999990463257,70.312,0.0
17.521999955177307,70.312,0.0
17.527999997138977,73.242,0.0
17.544999957084656,76.171,0.0
17.555999994277954,76.171,0.0
17.557000041007996,79.101,0.0
17.569000005722046,82.031,0.0
17.580000042915344,84.96,0.0
17.593999981880188,82.031,0.0
17.605000019073486,79.101,0.0
17.60699999332428,79.101,0.0
17.616999983787537,79.101,0.0
17.64800000190735,79.101,0.0
17.652999997138977,76.171,0.0
17.664999961853027,76.171,0.0
17.677000045776367,76.171,0.0
17.677000045776367,76.171,0.0
17.70299994945526,76.171,0.0
17.70299994945526,76.171,0.0
17.712999939918518,76.171,0.0
17.72000002861023,76.171,0.0
17.7389999628067,76.171,0.0
17.7389999628067,76.171,0.0
17.748000025749207,76.171,0.0
17.7610000371933,73.242,0.0
17.76800000667572,70.312,0.0
17.77999997138977,73.242,0.0
17.786999940872192,70.312,0.0
17.79799997806549,70.312,0.0
17.807999968528748,70.312,0.0
17.819999933242798,70.312,0.0
17.82799994945526,70.312,0.0
17.84599995613098,67.382,0.0
17.847000002861023,67.382,0.0
17.85800004005432,67.382,0.0
17.868000030517578,67.382,0.0
17.88100004196167,67.382,0.0
17.894999980926514,67.382,0.0
17.899999976158142,64.453,0.0
17.907999992370605,64.453,0.0
17.917999982833862,67.382,0.0
17.930999994277954,64.453,0.0
17.949000000953674,61.523,0.0
17.955000042915344,64.453,0.0
17.960999965667725,61.523,0.0
17.967999935150146,61.523,0.0
17.978999972343445,61.523,0.0
17.990999937057495,64.453,0.0
18.003999948501587,58.593,0.0
18.008999943733215,61.523,0.0
18.021000027656555,58.593,0.0
18.049999952316284,58.593,0.0
18.049999952316284,58.593,0.0
18.060999989509583,55.664,0.0
18.069000005722046,55.664,0.0
18.080999970436096,52.734,0.0
18.087999939918518,55.664,0.0
18.098999977111816,55.664,0.0
18.110999941825867,58.593,0.0
18.121000051498413,58.593,0.0
18.134999990463257,61.523,0.0
18.141000032424927,61.523,0.0
18.14800000190735,67.382,0.0
18.159000039100647,70.312,0.0
18.169000029563904,70.312,0.0
18.180999994277954,76.171,0.0
18.194999933242798,76.171,0.0
18.20799994468689,76.171,0.0
18.20799994468689,79.101,0.0
18.217999935150146,79.101,0.0
18.230000019073486,76.171,0.0
18.25499999523163,79.101,0.0
18.25499999523163,79.101,0.0
18.266000032424927,79.101,0.0
18.276999950408936,76.171,0.0
18.277999997138977,76.171,0.0
18.29100000858307,76.171,0.0
18.30400002002716,76.171,0.0
18.30900001525879,73.242,0.0
18.32099997997284,76.171,0.0
18.32799994945526,73.242,0.0
18.3400000333786,73.242,0.0
18.35699999332428,73.242,0.0
18.360999941825867,73.242,0.0
18.36899995803833,70.312,0.0
18.38100004196167,73.242,0.0
18.388000011444092,70.312,0.0
18.39800000190735,70.312,0.0
18.411999940872192,70.312,0.0
18.421000003814697,70.312,0.0
18.42900002002716,73.242,0.0
18.44599997997284,70.312,0.0
18.45799994468689,67.382,0.0
18.45799994468689,67.382,0.0
18.47000002861023,67.382,0.0
18.48099994659424,64.453,0.0
18.4889999628067,67.382,0.0
18.508000016212463,64.453,0.0
18.51800000667572,64.453,0.0
18.51800000667572,67.382,0.0
18.52900004386902,64.453,0.0
18.54199993610382,61.523,0.0
18.549000024795532,64.453,0.0
18.56599998474121,64.453,0.0
18.567999958992004,61.523,0.0
18.57799994945526,61.523,0.0
18.590999960899353,64.453,0.0
18.60099995136261,61.523,0.0
18.615999937057495,64.453,0.0
18.639999985694885,61.523,0.0
18.639999985694885,61.523,0.0
18.649999976158142,61.523,0.0
18.662999987602234,58.593,0.0
18.669000029563904,55.664,0.0
18.687999963760376,58.593,0.0
18.687999963760376,55.664,0.0
18.699000000953674,52.734,0.0
18.710999965667725,55.664,0.0
18.72099995613098,55.664,0.0
18.728999972343445,55.664,0.0
18.746000051498413,58.593,0.0
18.748000025749207,61.523,0.0
18.759999990463257,61.523,0.0
18.769999980926514,67.382,0.0
18.781000018119812,70.312,0.0
18.789000034332275,76.171,0.0
18.800999999046326,76.171,0.0
18.807999968528748,79.101,0.0
18.819999933242798,79.101,0.0
18.830000042915344,82.031,0.0
18.848999977111816,82.031,0.0
18.848999977111816,84.96,0.0
18.865999937057495,87.89,0.0
18.878000020980835,87.89,0.0
18.878000020980835,87.89,0.0
18.891000032424927,90.82,0.0
18.901999950408936,84.96,0.0
18.9099999666214,87.89,0.0
18.92200005054474,82.031,0.0
18.92900002002716,84.96,0.0
18.93999993801117,84.96,0.0
18.950999975204468,82.031,0.0
18.9650000333786,82.031,0.0
18.97000002861023,82.031,0.0
18.98800003528595,82.031,0.0
18.9889999628067,82.031,0.0
19.0,82.031,0.0
19.009999990463257,79.101,0.0
19.024999976158142,82.031,0.0
19.036999940872192,79.101,0.0
19.04199993610382,79.101,0.0
19.049000024795532,79.101,0.0
19.05999994277954,76.171,0.0
19.07099997997284,76.171,0.0
19.082000017166138,76.171,0.0
19.0900000333786,76.171,0.0
19.10699999332428,73.242,0.0
19.121000051498413,76.171,0.0
19.121000051498413,73.242,0.0
19.13100004196167,70.312,0.0
19.14300000667572,73.242,0.0
19.15499997138977,73.242,0.0
19.161999940872192,70.312,0.0
19.169000029563904,73.242,0.0
19.17900002002716,70.312,0.0
19.192999958992004,67.382,0.0
19.20299994945526,70.312,0.0
19.210000038146973,67.382,0.0
19.228000044822693,67.382,0.0
19.240999937057495,67.382,0.0
19.240999937057495,73.242,0.0
19.25,73.242,0.0
19.26199996471405,82.031,0.0
19.269999980926514,84.96,0.0
19.281999945640564,84.96,0.0
19.289000034332275,90.82,0.0
19.299999952316284,93.75,0.0
19.310999989509583,99.609,0.0
19.325999975204468,99.609,0.0
19.337000012397766,102.539,0.0
19.347000002861023,102.539,0.0
19.348999977111816,105.468,0.0
19.360000014305115,102.539,0.0
19.373000025749207,105.468,0.0
19.383000016212463,102.539,0.0
19.389999985694885,105.468,0.0
19.407999992370605,105.468,0.0
19.409000039100647,102.539,0.0
19.419999957084656,99.609,0.0
19.432999968528748,102.539,0.0
19.444999933242798,96.679,0.0
19.455000042915344,99.609,0.0
19.462000012397766,96.679,0.0
19.478999972343445,99.609,0.0
19.480000019073486,93.75,0.0
19.501999974250793,96.679,0.0
19.503000020980835,93.75,0.0
19.509999990463257,96.679,0.0
19.52900004386902,93.75,0.0
19.52900004386902,93.75,0.0
19.54100000858307,93.75,0.0
19.550999999046326,93.75,0.0
19.562000036239624,90.82,0.0
19.569999933242798,84.96,0.0
19.58899998664856,84.96,0.0
19.58899998664856,90.82,0.0
19.598999977111816,87.89,0.0
19.610999941825867,90.82,0.0
19.621999979019165,90.82,0.0
19.64800000190735,96.679,0.0
19.64800000190735,96.679,0.0
19.649999976158142,93.75,0.0
19.6599999666214,96.679,0.0
19.671000003814697,96.679,0.0
19.685999989509583,96.679,0.0
19.68999993801117,96.679,0.0
19.707000017166138,96.679,0.0
19.70899999141693,96.679,0.0
19.72000002861023,93.75,0.0
19.73300004005432,93.75,0.0
19.74399995803833,93.75,0.0
19.75499999523163,93.75,0.0
19.76199996471405,90.82,0.0
19.768999934196472,90.82,0.0
19.781000018119812,87.89,0.0
19.79199993610382,90.82,0.0
19.802000045776367,87.89,0.0
19.80999994277954,87.89,0.0
19.82200002670288,90.82,0.0
19.830000042915344,84.96,0.0
19.840999960899353,87.89,0.0
19.85099995136261,84.96,0.0
19.861999988555908,87.89,0.0
19.875,84.96,0.0
19.888000011444092,84.96,0.0
19.89900004863739,84.96,0.0
19.89900004863739,84.96,0.0
19.91100001335144,82.031,0.0
19.92299997806549,79.101,0.0
19.930999994277954,79.101,0.0
19.947999954223633,82.031,0.0
19.950000047683716,84.96,0.0
19.960999965667725,90.82,0.0
19.973000049591064,93.75,0.0
19.996000051498413,96.679,0.0
19.996999979019165,102.539,0.0
20.003000020980835,99.609,0.0
20.009999990463257,102.539,0.0
20.019999980926514,105.468,0.0
20.031999945640564,102.539,0.0
20.057000041007996,105.468,0.0
20.057999968528748,102.539,0.0
20.062999963760376,102.539,0.0
20.069999933242798,102.539,0.0
20.080000042915344,99.609,0.0
20.093999981880188,99.609,0.0
20.103000044822693,96.679,0.0
20.110999941825867,96.679,0.0
20.128000020980835,99.609,0.0
20.151999950408936,96.679,0.0
20.151999950408936,93.75,0.0
20.162999987602234,96.679,0.0
20.171000003814697,93.75,0.0
20.200000047683716,93.75,0.0
20.200000047683716,90.82,0.0
20.212000012397766,90.82,0.0
20.223000049591064,90.82,0.0
20.23800003528595,87.89,0.0
20.24899995326996,93.75,0.0
20.259999990463257,90.82,0.0
20.259999990463257,96.679,0.0
20.271999955177307,96.679,0.0
20.284000039100647,96.679,0.0
20.29799997806549,99.609,0.0
20.307999968528748,96.679,0.0
20.319000005722046,99.609,0.0
20.319999933242798,99.609,0.0
20.33299994468689,99.609,0.0
20.35099995136261,96.679,0.0
20.35699999332428,99.609,0.0
20.36899995803833,96.679,0.0
20.37000000476837,96.679,0.0
20.38100004196167,93.75,0.0
20.402999997138977,96.679,0.0
20.40400004386902,93.75,0.0
20.41100001335144,93.75,0.0
20.42299997806549,90.82,0.0
20.429999947547913,93.75,0.0
20.44099998474121,90.82,0.0
20.46399998664856,90.82,0.0
20.46399998664856,90.82,0.0
20.47099995613098,87.89,0.0
20.48300004005432,87.89,0.0
20.5,90.82,0.0
20.51199996471405,87.89,0.0
20.52300000190735,87.89,0.0
20.537999987602234,87.89,0.0
20.550999999046326,82.031,0.0
20.55999994277954,82.031,0.0
20.55999994277954,84.96,0.0
20.57200002670288,87.89,0.0
20.58399999141693,90.82,0.0
20.590999960899353,93.75,0.0
20.60800004005432,96.679,0.0
20.610999941825867,102.539,0.0
20.62000000476837,102.539,0.0
20.633000016212463,105.468,0.0
20.646000027656555,105.468,0.0
20.657999992370605,105.468,0.0
20.662999987602234,105.468,0.0
20.679999947547913,108.398,0.0
20.679999947547913,105.468,0.0
20.705999970436096,105.468,0.0
20.705999970436096,102.539,0.0
20.717000007629395,102.539,0.0
20.723000049591064,99.609,0.0
20.730000019073486,102.539,0.0
20.741999983787537,99.609,0.0
20.753999948501587,96.679,0.0
20.763999938964844,99.609,0.0
20.771000027656555,96.679,0.0
20.782999992370605,96.679,0.0
20.802000045776367,93.75,0.0
20.802000045776367,93.75,0.0
20.812999963760376,96.679,0.0
20.822999954223633,93.75,0.0
20.837999939918518,93.75,0.0
20.848000049591064,93.75,0.0
20.860999941825867,90.82,0.0
20.861999988555908,87.89,0.0
20.871999979019165,87.89,0.0
20.883999943733215,90.82,0.0
20.891000032424927,93.75,0.0
20.9099999666214,93.75,0.0
20.91100001335144,99.609,0.0
20.92200005054474,102.539,0.0
20.932999968528748,102.539,0.0
20.94700002670288,102.539,0.0
20.95200002193451,105.468,0.0
20.96399998664856,105.468,0.0
20.97099995613098,105.468,0.0
20.98199999332428,102.539,0.0
20.99500000476837,102.539,0.0
21.008000016212463,102.539,0.0
21.01199996471405,102.539,0.0
21.02900004386902,102.539,0.0
21.031000018119812,99.609,0.0
21.04199993610382,99.609,0.0
21.05299997329712,99.609,0.0
21.067000031471252,99.609,0.0
21.07200002670288,96.679,0.0
21.08399999141693,96.679,0.0
21.092000007629395,96.679,0.0
21.10199999809265,96.679,0.0
21.11300003528595,93.75,0.0
21.12399995326996,96.679,0.0
21.131999969482422,93.75,0.0
21.143999934196472,96.679,0.0
21.151000022888184,93.75,0.0
21.162999987602234,96.679,0.0
21.17299997806549,90.82,0.0
21.18499994277954,93.75,0.0
21.192000031471252,90.82,0.0
21.203999996185303,87.89,0.0
21.22099995613098,90.82,0.0
21.22099995613098,87.89,0.0
21.23300004005432,87.89,0.0
21.246999979019165,90.82,0.0
21.251999974250793,90.82,0.0
21.271000027656555,93.75,0.0
21.271000027656555,93.75,0.0
21.281999945640564,93.75,0.0
21.294000029563904,93.75,0.0
21.304999947547913,96.679,0.0
21.317999958992004,93.75,0.0
21.324000000953674,90.82,0.0
21.330999970436096,90.82,0.0
21.342000007629395,90.82,0.0
21.353000044822693,90.82,0.0
21.366999983787537,87.89,0.0
21.371999979019165,90.82,0.0
21.391000032424927,84.96,0.0
21.391000032424927,87.89,0.0
21.401999950408936,87.89,0.0
21.414999961853027,84.96,0.0
21.424000024795532,84.96,0.0
21.432000041007996,84.96,0.0
21.444000005722046,82.031,0.0
21.462000012397766,84.96,0.0
21.462000012397766,82.031,0.0
21.475000023841858,84.96,0.0
21.483999967575073,82.031,0.0
21.491999983787537,84.96,0.0
21.503999948501587,82.031,0.0
21.521000027656555,79.101,0.0
21.521999955177307,82.031,0.0
21.534000039100647,76.171,0.0
21.54700005054474,79.101,0.0
21.552000045776367,73.242,0.0
21.564000010490417,76.171,0.0
21.57099997997284,76.171,0.0
21.582000017166138,76.171,0.0
21.593999981880188,76.171,0.0
21.605000019073486,79.101,0.0
21.611999988555908,79.101,0.0
21.62399995326996,82.031,0.0
21.63100004196167,84.96,0.0
21.64199995994568,82.031,0.0
21.65400004386902,82.031,0.0
21.664999961853027,79.101,0.0
21.67900002002716,79.101,0.0
21.68999993801117,76.171,0.0
21.700999975204468,79.101,0.0
21.700999975204468,79.101,0.0
21.712999939918518,76.171,0.0
21.725000023841858,76.171,0.0
21.73199999332428,76.171,0.0
21.74399995803833,73.242,0.0
21.751999974250793,76.171,0.0
21.7610000371933,73.242,0.0
21.774999976158142,73.242,0.0
21.79700005054474,73.242,0.0
21.79700005054474,73.242,0.0
21.80400002002716,70.312,0.0
21.812000036239624,70.312,0.0
21.822999954223633,70.312,0.0
21.83399999141693,70.312,0.0
21.847000002861023,70.312,0.0
21.85800004005432,70.312,0.0
21.8639999628067,70.312,0.0
21.871000051498413,67.382,0.0
21.883000016212463,67.382,0.0
21.893999934196472,70.312,0.0
21.90499997138977,67.382,0.0
21.912999987602234,64.453,0.0
21.924999952316284,67.382,0.0
21.932000041007996,64.453,0.0
21.942999958992004,64.453,0.0
21.953999996185303,61.523,0.0
21.965999960899353,64.453,0.0
21.980000019073486,61.523,0.0
21.991999983787537,61.523,0.0
21.991999983787537,61.523,0.0
22.003000020980835,61.523,0.0
22.013999938964844,61.523,0.0
22.027999997138977,64.453,0.0
22.032999992370605,61.523,0.0
22.049999952316284,64.453,0.0
22.05299997329712,61.523,0.0
22.062999963760376,61.523,0.0
22.074000000953674,61.523,0.0
22.098999977111816,61.523,0.0
22.098999977111816,64.453,0.0
22.105000019073486,58.593,0.0
22.111999988555908,61.523,0.0
22.121999979019165,58.593,0.0
22.134999990463257,58.593,0.0
22.146000027656555,58.593,0.0
22.152999997138977,58.593,0.0
22.164999961853027,55.664,0.0
22.17200005054474,58.593,0.0
22.18400001525879,55.664,0.0
22.194999933242798,55.664,0.0
22.205000042915344,52.734,0.0
22.217999935150146,55.664,0.0
22.24500000476837,52.734,0.0
22.253999948501587,49.804,0.0
22.253999948501587,52.734,0.0
22.266000032424927,49.804,0.0
22.27300000190735,52.734,0.0
22.29199993610382,46.875,0.0
22.292999982833862,0.0,0.0
22.30299997329712,49.804,0.0
22.31499993801117,46.875,0.0
22.325000047683716,46.875,0.0
22.3400000333786,46.875,0.0
22.34500002861023,46.875,0.0
22.35199999809265,43.945,0.0
22.361999988555908,46.875,0.0
22.37399995326996,43.945,0.0
22.39900004863739,43.945,0.0
22.399999976158142,43.945,0.0
22.40499997138977,46.875,0.0
22.411999940872192,43.945,0.0
22.42299997806549,41.015,0.0
22.435999989509583,43.945,0.0
22.447999954223633,43.945,0.0
22.45799994468689,41.015,0.0
22.4650000333786,41.015,0.0
22.48199999332428,41.015,0.0
22.48199999332428,38.085,0.0
22.508000016212463,41.015,0.0
22.508000016212463,41.015,0.0
22.51800000667572,38.085,0.0
22.524999976158142,38.085,0.0
22.544000029563904,38.085,0.0
22.544000029563904,35.156,0.0
22.55400002002716,38.085,0.0
22.56499993801117,35.156,0.0
22.572999954223633,32.226,0.0
22.603000044822693,35.156,0.0
22.603000044822693,35.156,0.0
22.6139999628067,38.085,0.0
22.628999948501587,35.156,0.0
22.651000022888184,38.085,0.0
22.662999987602234,41.015,0.0
22.662999987602234,38.085,0.0
22.674999952316284,41.015,0.0
22.685999989509583,41.015,0.0
22.700000047683716,41.015,0.0
22.710999965667725,41.015,0.0
22.722000002861023,43.945,0.0
22.723000049591064,41.015,0.0
22.733999967575073,41.015,0.0
22.748000025749207,41.015,0.0
22.753000020980835,41.015,0.0
22.764999985694885,38.085,0.0
22.781999945640564,38.085,0.0
22.781999945640564,38.085,0.0
22.805999994277954,35.156,0.0
22.805999994277954,38.085,0.0
22.819000005722046,35.156,0.0
22.830999970436096,35.156,0.0
22.853999972343445,35.156,0.0
22.855000019073486,35.156,0.0
22.865000009536743,35.156,0.0
22.878999948501587,32.226,0.0
22.89199995994568,32.226,0.0
22.89199995994568,32.226,0.0
22.902999997138977,32.226,0.0
22.914999961853027,29.296,0.0
22.925999999046326,32.226,0.0
22.93400001525879,29.296,0.0
22.95200002193451,32.226,0.0
22.953999996185303,29.296,0.0
22.962999939918518,29.296,0.0
22.975000023841858,29.296,0.0
22.986999988555908,29.296,0.0
22.99399995803833,26.367,0.0
23.00600004196167,29.296,0.0
23.02300000190735,26.367,0.0
23.02400004863739,26.367,0.0
23.03600001335144,26.367,0.0
23.060999989509583,26.367,0.0
23.060999989509583,23.437,0.0
23.06599998474121,26.367,0.0
23.072999954223633,23.437,0.0
23.08399999141693,20.507,0.0
23.09599995613098,23.437,0.0
23.108999967575073,23.437,0.0
23.12000000476837,20.507,0.0
23.12600004673004,20.507,0.0
23.133000016212463,23.437,0.0
23.143999934196472,23.437,0.0
23.15499997138977,23.437,0.0
23.16699993610382,26.367,0.0
23.179999947547913,29.296,0.0
23.192999958992004,29.296,0.0
23.194000005722046,29.296,0.0
23.205000042915344,35.156,0.0
23.2150000333786,32.226,0.0
23.22699999809265,38.085,0.0
23.240999937057495,38.085,0.0
23.253000020980835,38.085,0.0
23.253999948501587,41.015,0.0
23.263999938964844,41.015,0.0
23.274999976158142,43.945,0.0
23.286999940872192,43.945,0.0
23.30999994277954,43.945,0.0
23.30999994277954,46.875,0.0
23.319999933242798,43.945,0.0
23.32700002193451,46.875,0.0
23.33399999141693,43.945,0.0
23.34500002861023,43.945,0.0
23.36300003528595,43.945,0.0
23.366999983787537,46.875,0.0
23.375,41.015,0.0
23.38699996471405,43.945,0.0
23.393999934196472,43.945,0.0
23.406000018119812,41.015,0.0
23.414999961853027,43.945,0.0
23.427000045776367,41.015,0.0
23.44099998474121,41.015,0.0
23.46399998664856,41.015,0.0
23.46399998664856,41.015,0.0
23.47599995136261,41.015,0.0
23.486999988555908,38.085,0.0
23.49899995326996,38.085,0.0
23.5110000371933,38.085,0.0
23.521000027656555,38.085,0.0
23.52300000190735,38.085,0.0
23.532999992370605,38.085,0.0
23.54700005054474,35.156,0.0
23.55999994277954,38.085,0.0
23.569999933242798,35.156,0.0
23.575999975204468,38.085,0.0
23.593999981880188,35.156,0.0
23.593999981880188,35.156,0.0
23.615999937057495,35.156,0.0
23.615999937057495,35.156,0.0
23.628999948501587,35.156,0.0
23.639999985694885,32.226,0.0
23.651000022888184,35.156,0.0
23.652999997138977,32.226,0.0
23.664999961853027,32.226,0.0
23.675999999046326,32.226,0.0
23.687000036239624,29.296,0.0
23.700000047683716,32.226,0.0
23.71399998664856,29.296,0.0
23.71399998664856,29.296,0.0
23.723999977111816,29.296,0.0
23.735999941825867,26.367,0.0
23.74899995326996,26.367,0.0
23.76199996471405,29.296,0.0
23.771000027656555,26.367,0.0
23.77300000190735,29.296,0.0
23.784000039100647,26.367,0.0
23.796000003814697,29.296,0.0
23.80999994277954,29.296,0.0
23.819000005722046,32.226,0.0
23.830999970436096,32.226,0.0
23.83399999141693,35.156,0.0
23.84599995613098,35.156,0.0
23.855000019073486,35.156,0.0
23.87999999523163,38.085,0.0
23.87999999523163,38.085,0.0
23.89300000667572,38.085,0.0
23.893999934196472,38.085,0.0
23.90400004386902,41.015,0.0
23.92799997329712,38.085,0.0
23.92799997329712,41.015,0.0
23.942000031471252,41.015,0.0
23.95200002193451,41.015,0.0
23.953999996185303,41.015,0.0
23.965999960899353,43.945,0.0
23.97699999809265,41.015,0.0
23.98800003528595,41.015,0.0
24.0,41.015,0.0
24.013999938964844,41.015,0.0
24.014999985694885,41.015,0.0
24.024999976158142,41.015,0.0
24.037999987602234,41.015,0.0
24.050999999046326,38.085,0.0
24.05999994277954,38.085,0.0
24.074000000953674,38.085,0.0
24.074000000953674,38.085,0.0
24.085000038146973,38.085,0.0
24.098000049591064,38.085,0.0
24.10800004005432,38.085,0.0
24.121999979019165,38.085,0.0
24.131999969482422,35.156,0.0
24.134999990463257,35.156,0.0
24.144999980926514,35.156,0.0
24.156000018119812,35.156,0.0
24.171000003814697,32.226,0.0
24.180999994277954,35.156,0.0
24.192999958992004,32.226,0.0
24.194999933242798,32.226,0.0
24.205000042915344,35.156,0.0
24.228000044822693,29.296,0.0
24.228000044822693,32.226,0.0
24.240999937057495,32.226,0.0
24.253999948501587,29.296,0.0
24.253999948501587,32.226,0.0
24.264999985694885,29.296,0.0
24.27900004386902,29.296,0.0
24.287999987602234,29.296,0.0
24.299999952316284,26.367,0.0
24.312000036239624,29.296,0.0
24.31499993801117,26.367,0.0
24.325000047683716,23.437,0.0
24.335999965667725,26.367,0.0
24.348999977111816,23.437,0.0
24.360999941825867,23.437,0.0
24.375,26.367,0.0
24.383999943733215,23.437,0.0
24.384999990463257,26.367,0.0
24.396999955177307,29.296,0.0
24.407999992370605,29.296,0.0
24.42299997806549,29.296,0.0
24.432999968528748,32.226,0.0
24.43499994277954,35.156,0.0
24.44599997997284,35.156,0.0
24.455999970436096,38.085,0.0
24.467999935150146,38.085,0.0
24.48300004005432,41.015,0.0
24.493000030517578,41.015,0.0
24.49399995803833,43.945,0.0
24.50499999523163,43.945,0.0
24.51699995994568,46.875,0.0
24.531000018119812,43.945,0.0
24.54199993610382,43.945,0.0
24.55299997329712,46.875,0.0
24.554999947547913,43.945,0.0
24.56499993801117,46.875,0.0
24.57799994945526,43.945,0.0
24.590999960899353,43.945,0.0
24.60099995136261,43.945,0.0
24.61300003528595,41.015,0.0
24.615000009536743,43.945,0.0
24.626999974250793,41.015,0.0
24.63699996471405,41.015,0.0
24.651000022888184,41.015,0.0
24.66100001335144,38.085,0.0
24.67299997806549,41.015,0.0
24.674999952316284,41.015,0.0
24.685999989509583,38.085,0.0
24.69700002670288,38.085,0.0
24.70799994468689,41.015,0.0
24.72099995613098,38.085,0.0
24.735000014305115,38.085,0.0
24.735000014305115,35.156,0.0
24.746999979019165,38.085,0.0
24.756999969482422,35.156,0.0
24.76800000667572,35.156,0.0
24.782999992370605,35.156,0.0
24.794000029563904,35.156,0.0
24.794000029563904,32.226,0.0
24.804999947547913,32.226,0.0
24.817000031471252,32.226,0.0
24.842000007629395,32.226,0.0
24.842000007629395,32.226,0.0
24.853000044822693,32.226,0.0
24.855000019073486,32.226,0.0
24.865000009536743,29.296,0.0
24.876999974250793,29.296,0.0
24.901999950408936,29.296,0.0
24.901999950408936,32.226,0.0
24.914000034332275,26.367,0.0
24.914999961853027,29.296,0.0
24.925999999046326,29.296,0.0
24.939000010490417,26.367,0.0
24.95200002193451,26.367,0.0
24.962000012397766,23.437,2.929
24.973999977111816,23.437,0.0
24.975000023841858,23.437,2.929
24.986999988555908,23.437,2.929
24.99899995326996,20.507,2.929
25.009999990463257,20.507,2.929
25.021999955177307,20.507,0.0
25.04700005054474,23.437,2.929
25.04700005054474,20.507,2.929
25.057999968528748,20.507,5.859
25.069999933242798,20.507,2.929
25.080999970436096,20.507,2.929
25.10599994659424,20.507,5.859
25.10599994659424,17.578,5.859
25.118000030517578,20.507,8.789
25.128999948501587,20.507,5.859
25.143999934196472,17.578,8.789
25.15400004386902,17.578,8.789
25.156000018119812,17.578,11.718
25.16600000858307,17.578,8.789
25.17799997329712,14.648,11.718
25.20200002193451,14.648,14.648
25.20299994945526,14.648,14.648
25.21399998664856,14.648,14.648
25.215999960899353,11.718,17.578
25.22599995136261,11.718,14.648
25.251999974250793,11.718,20.507
25.251999974250793,11.718,23.437
25.26199996471405,8.789,23.437
25.27300000190735,11.718,26.367
25.276000022888184,8.789,26.367
25.28600001335144,8.789,32.226
25.30900001525879,8.789,29.296
25.30999994277954,5.859,35.156
25.32200002670288,8.789,35.156
25.33399999141693,5.859,41.015
25.335999965667725,5.859,38.085
25.35800004005432,5.859,43.945
25.35800004005432,5.859,43.945
25.37000000476837,2.929,43.945
25.38100004196167,2.929,43.945
25.396000027656555,2.929,43.945
25.406000018119812,2.929,41.015
25.406000018119812,2.929,46.875
25.41699993610382,0.0,43.945
25.429999947547913,2.929,43.945
25.453999996185303,0.0,43.945
25.453999996185303,0.0,41.015
25.455999970436096,0.0,41.015
25.465999960899353,0.0,43.945
25.478000044822693,0.0,41.015
25.490000009536743,0.0,41.015
25.503999948501587,0.0,38.085
25.513999938964844,0.0,41.015
25.516000032424927,0.0,41.015
25.526000022888184,0.0,38.085
25.537999987602234,0.0,38.085
25.562000036239624,0.0,38.085
25.562999963760376,0.0,38.085
25.574000000953674,0.0,38.085
25.575999975204468,0.0,38.085
25.587000012397766,0.0,35.156
25.610999941825867,0.0,38.085
25.611999988555908,0.0,35.156
25.62000000476837,0.0,35.156
25.633999943733215,0.0,35.156
25.6360000371933,0.0,35.156
25.64800000190735,0.0,35.156
25.657999992370605,0.0,35.156
25.669000029563904,0.0,35.156
25.682000041007996,0.0,35.156
25.694999933242798,0.0,32.226
25.694999933242798,0.0,35.156
25.70799994468689,0.0,32.226
25.717999935150146,0.0,35.156
25.728999972343445,0.0,32.226
25.741999983787537,0.0,32.226
25.75499999523163,0.0,32.226
25.75499999523163,0.0,32.226
25.766000032424927,0.0,32.226
25.777999997138977,0.0,32.226
25.789999961853027,0.0,32.226
25.80299997329712,0.0,32.226
25.814000010490417,0.0,29.296
25.81599998474121,0.0,32.226
25.825999975204468,0.0,32.226
25.837999939918518,0.0,29.296
25.861999988555908,0.0,29.296
25.86300003528595,0.0,29.296
25.87399995326996,0.0,29.296
25.87600004673004,0.0,29.296
25.8860000371933,0.0,29.296
25.89800000190735,0.0,29.296
25.912999987602234,0.0,26.367
25.92299997806549,0.0,29.296
25.93499994277954,0.0,26.367
25.937000036239624,0.0,26.367
25.947999954223633,0.0,29.296
25.960999965667725,0.0,26.367
25.97000002861023,0.0,26.367
25.98199999332428,0.0,26.367
25.996000051498413,0.0,26.367
25.996999979019165,0.0,23.437
26.008000016212463,0.0,26.367
26.018999934196472,0.0,26.367
26.044000029563904,0.0,23.437
26.044000029563904,0.0,23.437
26.057000041007996,0.0,26.367
26.067000031471252,0.0,23.437
26.067000031471252,0.0,23.437
26.07799994945526,0.0,23.437
26.0900000333786,0.0,23.437
26.103000044822693,0.0,20.507
26.116999983787537,0.0,23.437
26.116999983787537,0.0,23.437
26.126999974250793,0.0,20.507
26.138999938964844,0.0,20.507
26.152999997138977,0.0,20.507
26.164999961853027,0.0,23.437
26.174999952316284,0.0,20.507
26.177000045776367,0.0,17.578
26.187000036239624,0.0,20.507
26.199000000953674,0.0,20.507
26.212000012397766,0.0,17.578
26.223000049591064,0.0,20.507
26.235000014305115,0.0,17.578
26.236999988555908,0.0,17.578
26.24899995326996,0.0,17.578
26.259999990463257,0.0,17.578
26.269999980926514,0.0,11.718
26.282999992370605,0.0,17.578
26.296000003814697,0.0,14.648
26.29700005054474,0.0,14.648
26.307000041007996,0.0,17.578
26.32099997997284,0.0,14.648
26.330000042915344,0.0,11.718
26.343999981880188,0.0,14.648
26.355000019073486,0.0,11.718
26.35599994659424,0.0,14.648
26.368000030517578,0.0,11.718
26.378999948501587,0.0,11.718
26.391000032424927,0.0,8.789
26.401000022888184,0.0,11.718
26.41600000858307,0.0,11.718
26.41699993610382,0.0,8.789
26.427000045776367,0.0,8.789
26.439000010490417,0.0,8.789
26.45200002193451,0.0,8.789
26.460999965667725,0.0,8.789
26.475000023841858,0.0,8.789
26.47699999809265,0.0,5.859
26.486999988555908,0.0,8.789
26.5,0.0,5.859
26.509999990463257,0.0,5.859
26.52400004863739,0.0,5.859
26.5349999666214,0.0,5.859
26.536999940872192,0.0,5.859
26.54700005054474,0.0,5.859
26.55900001525879,0.0,2.929
26.572999954223633,0.0,5.859
26.58299994468689,0.0,2.929
26.59500002861023,0.0,2.929
26.597000002861023,0.0,5.859
26.60699999332428,0.0,2.929
26.621000051498413,0.0,0.0
26.631999969482422,0.0,2.929
26.643999934196472,0.0,2.929
26.65499997138977,0.0,0.0
26.656999945640564,0.0,2.929
26.667999982833862,0.0,0.0
26.67900002002716,0.0,0.0
26.69099998474121,0.0,0.0
26.70299994945526,0.0,0.0
26.7150000333786,0.0,0.0
26.717000007629395,0.0,0.0
26.728999972343445,0.0,0.0
26.7389999628067,0.0,0.0
26.753000020980835,0.0,0.0
26.763000011444092,0.0,0.0
26.776999950408936,0.0,0.0
26.776999950408936,0.0,0.0
26.786999940872192,0.0,0.0
26.799999952316284,0.0,0.0
26.810999989509583,0.0,0.0
26.835000038146973,0.0,0.0
26.835000038146973,0.0,0.0
26.835999965667725,0.0,0.0
26.848000049591064,0.0,0.0
26.858999967575073,0.0,0.0
26.883000016212463,0.0,0.0
26.883000016212463,0.0,0.0
26.896000027656555,0.0,0.0
26.896999955177307,0.0,0.0
26.907999992370605,0.0,0.0
26.919999957084656,0.0,0.0
26.93400001525879,0.0,0.0
26.944999933242798,0.0,0.0
26.955999970436096,0.0,0.0
26.95799994468689,0.0,0.0
26.967999935150146,0.0,0.0
26.991999983787537,0.0,0.0
27.00499999523163,0.0,0.0
27.00499999523163,0.0,0.0
27.016000032424927,0.0,0.0
27.01800000667572,0.0,0.0
27.02999997138977,0.0,0.0
27.04100000858307,0.0,0.0
27.064000010490417,0.0,0.0
27.064000010490417,0.0,0.0
27.07700002193451,0.0,0.0
27.07799994945526,0.0,0.0
27.087999939918518,0.0,0.0
27.100000023841858,0.0,0.0
27.111999988555908,0.0,0.0
27.12399995326996,0.0,0.0
27.138000011444092,0.0,0.0
27.138000011444092,0.0,0.0
27.14900004863739,0.0,0.0
27.1599999666214,0.0,0.0
27.17200005054474,0.0,0.0
27.185999989509583,0.0,0.0
27.19599997997284,0.0,0.0
27.197999954223633,0.0,0.0
27.20799994468689,0.0,0.0
27.22000002861023,0.0,0.0
27.24500000476837,0.0,0.0
27.246000051498413,0.0,0.0
27.25600004196167,0.0,0.0
27.258000016212463,0.0,0.0
27.26800000667572,0.0,0.0
27.281000018119812,0.0,0.0
27.29100000858307,0.0,0.0
27.30400002002716,0.0,0.0
27.31599998474121,0.0,0.0
27.317999958992004,0.0,0.0
27.32799994945526,0.0,0.0
27.340999960899353,0.0,0.0
27.353000044822693,0.0,0.0
27.3639999628067,0.0,0.0
27.37600004673004,0.0,0.0
27.378000020980835,0.0,0.0
27.388999938964844,0.0,0.0
27.401000022888184,0.0,0.0
27.41100001335144,0.0,0.0
27.424000024795532,0.0,0.0
27.437000036239624,0.0,0.0
27.437999963760376,0.0,0.0
27.449000000953674,0.0,0.0
27.460999965667725,0.0,0.0
27.472000002861023,0.0,0.0
27.485000014305115,0.0,0.0
27.496999979019165,0.0,0.0
27.498000025749207,0.0,0.0
27.508000016212463,0.0,0.0
27.518999934196472,0.0,0.0
27.531000018119812,0.0,0.0
27.555999994277954,0.0,0.0
27.555999994277954,0.0,0.0
27.557999968528748,0.0,0.0
27.567999958992004,0.0,0.0
27.580000042915344,0.0,0.0
27.605000019073486,0.0,0.0
27.605000019073486,0.0,0.0
27.615999937057495,0.0,0.0
27.618000030517578,0.0,0.0
27.628000020980835,0.0,0.0
27.65400004386902,0.0,0.0
27.664999961853027,0.0,0.0
27.66600000858307,0.0,0.0
27.675999999046326,0.0,0.0
27.67799997329712,0.0,0.0
27.68999993801117,0.0,0.0
27.700000047683716,0.0,0.0
27.712000012397766,0.0,0.0
27.723999977111816,0.0,0.0
27.735999941825867,0.0,0.0
27.73800003528595,0.0,0.0
27.759999990463257,0.0,0.0
27.759999990463257,0.0,0.0
27.771999955177307,0.0,0.0
27.784000039100647,0.0,0.0
27.807999968528748,0.0,0.0
27.807999968528748,0.0,0.0
27.819999933242798,0.0,0.0
27.83399999141693,0.0,0.0
27.85699999332428,0.0,0.0
27.85699999332428,0.0,0.0
27.85800004005432,0.0,0.0
27.868000030517578,0.0,0.0
27.878999948501587,0.0,0.0
27.90400004386902,0.0,0.0
27.90400004386902,0.0,0.0
27.91699993610382,0.0,0.0
27.919000029563904,0.0,0.0
27.92900002002716,0.0,0.0
27.94099998474121,0.0,0.0
27.965999960899353,0.0,0.0
27.967000007629395,0.0,0.0
27.97699999809265,0.0,0.0
27.978999972343445,0.0,0.0
27.9889999628067,0.0,0.0
28.013999938964844,0.0,0.0
28.014999985694885,0.0,0.0
28.024999976158142,0.0,0.0
28.037999987602234,0.0,0.0
28.039000034332275,0.0,0.0
28.062000036239624,0.0,0.0
28.062000036239624,0.0,0.0
28.07200002670288,0.0,0.0
28.085000038146973,0.0,0.0
28.108999967575073,0.0,0.0
28.110000014305115,0.0,0.0
28.121000051498413,0.0,0.0
28.134999990463257,0.0,0.0
28.146000027656555,0.0,0.0
28.159000039100647,0.0,0.0
28.159000039100647,0.0,0.0
28.169000029563904,0.0,0.0
28.180999994277954,0.0,0.0
28.192999958992004,0.0,0.0
28.205999970436096,0.0,0.0
28.217000007629395,0.0,0.0
28.218999981880188,0.0,0.0
28.228999972343445,0.0,0.0
28.240999937057495,0.0,0.0
28.26699995994568,0.0,0.0
28.26699995994568,0.0,0.0
28.276999950408936,0.0,0.0
28.27900004386902,0.0,0.0
28.289000034332275,0.0,0.0
28.30299997329712,0.0,0.0
28.312999963760376,0.0,0.0
28.325000047683716,0.0,0.0
28.337000012397766,0.0,0.0
28.33899998664856,0.0,0.0
28.350000023841858,0.0,0.0
28.36300003528595,0.0,0.0
28.371999979019165,0.0,0.0
28.384999990463257,0.0,0.0
28.39800000190735,0.0,0.0
28.39900004863739,0.0,0.0
28.4099999666214,0.0,0.0
28.421000003814697,0.0,0.0
28.43499994277954,0.0,0.0
28.44599997997284,0.0,0.0
28.468999981880188,0.0,0.0
28.468999981880188,0.0,0.0
28.480000019073486,0.0,0.0
28.491999983787537,0.0,0.0
28.506999969482422,0.0,0.0
28.51699995994568,0.0,0.0
28.518999934196472,0.0,0.0
28.52900004386902,0.0,0.0
28.54100000858307,0.0,0.0
28.554999947547913,0.0,0.0
28.56599998474121,0.0,0.0
28.57700002193451,0.0,0.0
28.578999996185303,0.0,0.0
28.58899998664856,0.0,0.0
28.60199999809265,0.0,0.0
28.625,0.0,0.0
28.62600004673004,0.0,0.0
28.63699996471405,0.0,0.0
28.638999938964844,0.0,0.0
28.649999976158142,0.0,0.0
28.662999987602234,0.0,0.0
28.67299997806549,0.0,0.0
28.68499994277954,0.0,0.0
28.697999954223633,0.0,0.0
28.699000000953674,0.0,0.0
28.710999965667725,0.0,0.0
28.72099995613098,0.0,0.0
28.73199999332428,0.0,0.0
28.746000051498413,0.0,0.0
28.756999969482422,0.0,0.0
28.758999943733215,0.0,0.0
28.781000018119812,0.0,0.0
28.781999945640564,0.0,0.0
28.792999982833862,0.0,0.0
28.804999947547913,0.0,0.0
28.819000005722046,0.0,0.0
28.819000005722046,0.0,0.0
28.830999970436096,0.0,0.0
28.840999960899353,0.0,0.0
28.855000019073486,0.0,0.0
28.866999983787537,0.0,0.0
28.876999974250793,0.0,0.0
28.878999948501587,0.0,0.0
28.888999938964844,0.0,0.0
28.901999950408936,0.0,0.0
28.91600000858307,0.0,0.0
28.925999999046326,0.0,0.0
28.937000036239624,0.0,0.0
28.93999993801117,0.0,0.0
28.950999975204468,0.0,0.0
28.962000012397766,0.0,0.0
28.985999941825867,0.0,0.0
28.986999988555908,0.0,0.0
29.0,0.0,0.0
29.0,0.0,0.0
29.009999990463257,0.0,0.0
29.02300000190735,0.0,0.0
29.034000039100647,0.0,0.0
29.04700005054474,0.0,0.0
29.05900001525879,0.0,0.0
29.05999994277954,0.0,0.0
29.07200002670288,0.0,0.0
29.082000017166138,0.0,0.0
29.092999935150146,0.0,0.0
29.10599994659424,0.0,0.0
29.11899995803833,0.0,0.0
29.12000000476837,0.0,0.0
29.12999999523163,0.0,0.0
29.141000032424927,0.0,0.0
29.156000018119812,0.0,0.0
29.16600000858307,0.0,0.0
29.179999947547913,0.0,0.0
29.179999947547913,0.0,0.0
29.18999993801117,0.0,0.0
29.20299994945526,0.0,0.0
29.21399998664856,0.0,0.0
29.228000044822693,0.0,0.0
29.23800003528595,0.0,0.0
29.240000009536743,0.0,0.0
29.25100004673004,0.0,0.0
29.26199996471405,0.0,0.0
29.276000022888184,0.0,0.0
29.28600001335144,0.0,0.0
29.299000024795532,0.0,0.0
29.299999952316284,0.0,0.0
29.30999994277954,0.0,0.0
29.322999954223633,0.0,0.0
29.33399999141693,0.0,0.0
29.347000002861023,0.0,0.0
29.35800004005432,0.0,0.0
29.360000014305115,0.0,0.0
29.371000051498413,0.0,0.0
29.393999934196472,0.0,0.0
29.406000018119812,0.0,0.0
29.406000018119812,0.0,0.0
29.417999982833862,0.0,0.0
29.419999957084656,0.0,0.0
29.430999994277954,0.0,0.0
29.442000031471252,0.0,0.0
29.51199996471405,0.0,0.0
29.52300000190735,0.0,0.0
29.53600001335144,0.0,0.0
29.54799997806549,0.0,0.0
29.55900001525879,0.0,0.0
29.55999994277954,0.0,0.0
29.57099997997284,0.0,0.0
29.593999981880188,0.0,0.0
29.593999981880188,0.0,0.0
29.60699999332428,0.0,0.0
29.61899995803833,0.0,0.0
29.62000000476837,0.0,0.0
29.64300000667572,0.0,0.0
29.643999934196472,0.0,0.0
29.65400004386902,0.0,0.0
29.66699993610382,0.0,0.0
29.67900002002716,0.0,0.0
29.689000010490417,0.0,0.0
29.68999993801117,0.0,0.0
29.70200002193451,0.0,0.0
29.712000012397766,0.0,0.0
29.723999977111816,0.0,0.0
29.736999988555908,0.0,0.0
29.74899995326996,0.0,0.0
29.75,0.0,0.0
29.759999990463257,0.0,0.0
29.771999955177307,0.0,0.0
29.78600001335144,0.0,0.0
29.79700005054474,0.0,0.0
29.807999968528748,0.0,0.0
29.80999994277954,0.0,0.0
29.819999933242798,0.0,0.0
29.842999935150146,0.0,0.0
29.843999981880188,0.0,0.0
29.85599994659424,0.0,0.0
29.868000030517578,0.0,0.0
29.87000000476837,0.0,0.0
29.881999969482422,0.0,0.0
29.891000032424927,0.0,0.0
29.906000018119812,0.0,0.0
29.91699993610382,0.0,0.0
29.930999994277954,0.0,0.0
29.930999994277954,0.0,0.0
29.94099998474121,0.0,0.0
29.953999996185303,0.0,0.0
29.9650000333786,0.0,0.0
29.97699999809265,0.0,0.0
29.990999937057495,0.0,0.0
29.990999937057495,0.0,0.0
30.001999974250793,0.0,0.0
30.013000011444092,0.0,0.0
30.026999950408936,0.0,0.0
30.037999987602234,0.0,0.0
30.049999952316284,0.0,0.0
30.050999999046326,0.0,0.0
30.060999989509583,0.0,0.0
30.072999954223633,0.0,0.0
30.098999977111816,0.0,0.0
30.098999977111816,0.0,0.0
30.108999967575073,0.0,0.0
30.110999941825867,0.0,0.0
30.121000051498413,0.0,0.0
30.134999990463257,0.0,0.0
30.143999934196472,0.0,0.0
30.156999945640564,0.0,0.0
30.169000029563904,0.0,0.0
30.171000003814697,0.0,0.0
30.182000041007996,0.0,0.0
30.194999933242798,0.0,0.0
30.207000017166138,0.0,0.0
30.217000007629395,0.0,0.0
30.228000044822693,0.0,0.0
30.23099994659424,0.0,0.0
30.253999948501587,0.0,0.0
30.253999948501587,0.0,0.0
30.264999985694885,0.0,0.0
30.274999976158142,0.0,0.0
30.29100000858307,0.0,0.0
30.29100000858307,0.0,0.0
30.302000045776367,0.0,0.0
30.312999963760376,0.0,0.0
30.325000047683716,0.0,0.0
30.33899998664856,0.0,0.0
30.35099995136261,0.0,0.0
30.360999941825867,0.0,0.0
30.373000025749207,0.0,0.0
30.383999943733215,0.0,0.0
30.409000039100647,0.0,0.0
30.4099999666214,0.0,0.0
30.41100001335144,0.0,0.0
30.421000003814697,0.0,0.0
30.432000041007996,0.0,0.0
30.45899999141693,0.0,0.0
30.45899999141693,0.0,0.0
30.468999981880188,0.0,0.0
30.47099995613098,0.0,0.0
30.48099994659424,0.0,0.0
30.49399995803833,0.0,0.0
30.506999969482422,0.0,0.0
30.51800000667572,0.0,0.0
30.52999997138977,0.0,0.0
30.531000018119812,0.0,0.0
30.55400002002716,0.0,0.0
30.554999947547913,0.0,0.0
30.56499993801117,0.0,0.0
30.57799994945526,0.0,0.0
30.5900000333786,0.0,0.0
30.590999960899353,0.0,0.0
30.61300003528595,0.0,0.0
30.61300003528595,0.0,0.0
30.625,0.0,0.0
30.63699996471405,0.0,0.0
30.651000022888184,0.0,0.0
30.66100001335144,0.0,0.0
30.661999940872192,0.0,0.0
30.67299997806549,0.0,0.0
30.68499994277954,0.0,0.0
30.699000000953674,0.0,0.0
30.70899999141693,0.0,0.0
30.710999965667725,0.0,0.0
30.72099995613098,0.0,0.0
30.73300004005432,0.0,0.0
30.758999943733215,0.0,0.0
30.758999943733215,0.0,0.0
30.76800000667572,0.0,0.0
30.771000027656555,0.0,0.0
30.781000018119812,0.0,0.0
30.79199993610382,0.0,0.0
30.817999958992004,0.0,0.0
30.817999958992004,0.0,0.0
30.830000042915344,0.0,0.0
30.830999970436096,0.0,0.0
30.840999960899353,0.0,0.0
30.855000019073486,0.0,0.0
30.865000009536743,0.0,0.0
30.876999974250793,0.0,0.0
30.888999938964844,0.0,0.0
30.891000032424927,0.0,0.0
30.914000034332275,0.0,0.0
30.914999961853027,0.0,0.0
30.925999999046326,0.0,0.0
30.937999963760376,0.0,0.0
30.95200002193451,0.0,0.0
30.962000012397766,0.0,0.0
30.962999939918518,0.0,0.0
30.973999977111816,0.0,0.0
30.985999941825867,0.0,0.0
30.99899995326996,0.0,0.0
31.01199996471405,0.0,0.0
31.01199996471405,0.0,0.0
31.02400004863739,0.0,0.0
31.034000039100647,0.0,0.0
31.046000003814697,0.0,0.0
31.05999994277954,0.0,0.0
31.069999933242798,0.0,0.0
31.07200002670288,0.0,0.0
31.082000017166138,0.0,0.0
31.092999935150146,0.0,0.0
31.118000030517578,0.0,0.0
31.11899995803833,0.0,0.0
31.12999999523163,0.0,0.0
31.131999969482422,0.0,0.0
31.14199995994568,0.0,0.0
31.164999961853027,0.0,0.0
31.16600000858307,0.0,0.0
31.17799997329712,0.0,0.0
31.18999993801117,0.0,0.0
31.192000031471252,0.0,0.0
31.20299994945526,0.0,0.0
31.215999960899353,0.0,0.0
31.22699999809265,0.0,0.0
31.23800003528595,0.0,0.0
31.25100004673004,0.0,0.0
31.251999974250793,0.0,0.0
31.263999938964844,0.0,0.0
31.27300000190735,0.0,0.0
31.28600001335144,0.0,0.0
31.29700005054474,0.0,0.0
31.312000036239624,0.0,0.0
31.312000036239624,0.0,0.0
31.322999954223633,0.0,0.0
31.33299994468689,0.0,0.0
31.34599995613098,0.0,0.0
31.360000014305115,0.0,0.0
31.371000051498413,0.0,0.0
31.371999979019165,0.0,0.0
31.381999969482422,0.0,0.0
31.393999934196472,0.0,0.0
31.407999992370605,0.0,0.0
31.419999957084656,0.0,0.0
31.430999994277954,0.0,0.0
31.432000041007996,0.0,0.0
31.442000031471252,0.0,0.0
31.455000042915344,0.0,0.0
31.478000044822693,0.0,0.0
31.478999972343445,0.0,0.0
31.490000009536743,0.0,0.0
31.491999983787537,0.0,0.0
31.503000020980835,0.0,0.0
31.516000032424927,0.0,0.0
31.526000022888184,0.0,0.0
31.537999987602234,0.0,0.0
31.552000045776367,0.0,0.0
31.552000045776367,0.0,0.0
31.564000010490417,0.0,0.0
31.574000000953674,0.0,0.0
31.585999965667725,0.0,0.0
31.598999977111816,0.0,0.0
31.610999941825867,0.0,0.0
31.62399995326996,0.0,0.0
31.62399995326996,0.0,0.0
31.634999990463257,0.0,0.0
31.646000027656555,0.0,0.0
31.657999992370605,0.0,0.0
31.680999994277954,0.0,0.0
31.682000041007996,0.0,0.0
31.682000041007996,0.0,0.0
31.694000005722046,0.0,0.0
31.72000002861023,0.0,0.0
31.72000002861023,0.0,0.0
31.730000019073486,0.0,0.0
31.73199999332428,0.0,0.0
31.741999983787537,0.0,0.0
31.75499999523163,0.0,0.0
31.76800000667572,0.0,0.0
31.777999997138977,0.0,0.0
31.789000034332275,0.0,0.0
31.79199993610382,0.0,0.0
31.80299997329712,0.0,0.0
31.814000010490417,0.0,0.0
31.83899998664856,0.0,0.0
31.83899998664856,0.0,0.0
31.85099995136261,0.0,0.0
31.85199999809265,0.0,0.0
31.861999988555908,0.0,0.0
31.87600004673004,0.0,0.0
31.8860000371933,0.0,0.0
31.89900004863739,0.0,0.0
31.91100001335144,0.0,0.0
31.912999987602234,0.0,0.0
31.924999952316284,0.0,0.0
31.93499994277954,0.0,0.0
31.94700002670288,0.0,0.0
31.960000038146973,0.0,0.0
31.972000002861023,0.0,0.0
31.973000049591064,0.0,0.0
31.98300004005432,0.0,0.0
31.99500000476837,0.0,0.0
32.00800001621246,0.0,0.0
32.01899993419647,0.0,0.0
32.04299998283386,0.0,0.0
32.04299998283386,0.0,0.0
32.055999994277954,0.0,0.0
32.06700003147125,0.0,0.0
32.080000042915344,0.0,0.0
32.09099996089935,0.0,0.0
32.09299993515015,0.0,0.0
32.103999972343445,0.0,0.0
32.11500000953674,0.0,0.0
32.12899994850159,0.0,0.0
32.13699996471405,0.0,0.0
32.151999950408936,0.0,0.0
32.15299999713898,0.0,0.0
32.162999987602234,0.0,0.0
32.17700004577637,0.0,0.0
32.187000036239624,0.0,0.0
32.200000047683716,0.0,0.0
32.210999965667725,0.0,0.0
32.21299993991852,0.0,0.0
32.223000049591064,0.0,0.0
32.246999979019165,0.0,0.0
32.246999979019165,0.0,0.0
32.258999943733215,0.0,0.0
32.271000027656555,0.0,0.0
32.27300000190735,0.0,0.0
32.28400003910065,0.0,0.0
32.294999957084656,0.0,0.0
32.30900001525879,0.0,0.0
32.319000005722046,0.0,0.0
32.33299994468689,0.0,0.0
32.33399999141693,0.0,0.0
32.34299993515015,0.0,0.0
32.35699999332428,0.0,0.0
32.36899995803833,0.0,0.0
32.38100004196167,0.0,0.0
32.39100003242493,0.0,0.0
32.39300000667572,0.0,0.0
32.40400004386902,0.0,0.0
32.41499996185303,0.0,0.0
32.42799997329712,0.0,0.0
32.44099998474121,0.0,0.0
32.45200002193451,0.0,0.0
32.45299994945526,0.0,0.0
32.46299993991852,0.0,0.0
32.47500002384186,0.0,0.0
32.50100004673004,0.0,0.0
32.50100004673004,0.0,0.0
32.5110000371933,0.0,0.0
32.51300001144409,0.0,0.0
32.52300000190735,0.0,0.0
32.53699994087219,0.0,0.0
32.54700005054474,0.0,0.0
32.55900001525879,0.0,0.0
32.5699999332428,0.0,0.0
32.57299995422363,0.0,0.0
32.58500003814697,0.0,0.0
32.59500002861023,0.0,0.0
32.61800003051758,0.0,0.0
32.61899995803833,0.0,0.0
32.63199996948242,0.0,0.0
32.63300001621246,0.0,0.0
32.644999980926514,0.0,0.0
32.656999945640564,0.0,0.0
32.66699993610382,0.0,0.0
32.67999994754791,0.0,0.0
32.692999958992004,0.0,0.0
32.7039999961853,0.0,0.0
32.7039999961853,0.0,0.0
32.7150000333786,0.0,0.0
32.72699999809265,0.0,0.0
32.740999937057495,0.0,0.0
32.75199997425079,0.0,0.0
32.753000020980835,0.0,0.0
32.76300001144409,0.0,0.0
32.77400004863739,0.0,0.0
32.799999952316284,0.0,0.0
32.800999999046326,0.0,0.0
32.81099998950958,0.0,0.0
32.812999963760376,0.0,0.0
32.825000047683716,0.0,0.0
32.83500003814697,0.0,0.0
32.86099994182587,0.0,0.0
32.86099994182587,0.0,0.0
32.87100005149841,0.0,0.0
32.87300002574921,0.0,0.0
32.88300001621246,0.0,0.0
32.89699995517731,0.0,0.0
32.9099999666214,0.0,0.0
32.919999957084656,0.0,0.0
32.93299996852875,0.0,0.0
32.93400001525879,0.0,0.0
32.94599997997284,0.0,0.0
32.95700001716614,0.0,0.0
32.96799993515015,0.0,0.0
32.980000019073486,0.0,0.0
32.99399995803833,0.0,0.0
32.99399995803833,0.0,0.0
33.00499999523163,0.0,0.0
33.01600003242493,0.0,0.0
33.02900004386902,0.0,0.0
33.06400001049042,0.0,0.0
33.06400001049042,0.0,0.0
33.075000047683716,0.0,0.0
33.08799993991852,0.0,0.0
33.10199999809265,0.0,0.0
33.11199998855591,0.0,0.0
33.1139999628067,0.0,0.0
33.12399995326996,0.0,0.0
33.1360000371933,0.0,0.0
33.16100001335144,0.0,0.0
33.16199994087219,0.0,0.0
33.17200005054474,0.0,0.0
33.17400002479553,0.0,0.0
33.18400001525879,0.0,0.0
33.19799995422363,0.0,0.0
33.20899999141693,0.0,0.0
33.22000002861023,0.0,0.0
33.23300004005432,0.0,0.0
33.23399996757507,0.0,0.0
33.24399995803833,0.0,0.0
33.26899993419647,0.0,0.0
33.269999980926514,0.0,0.0
33.27999997138977,0.0,0.0
33.29199993610382,0.0,0.0
33.294000029563904,0.0,0.0
33.305999994277954,0.0,0.0
33.31599998474121,0.0,0.0
33.32700002193451,0.0,0.0
33.3400000333786,0.0,0.0
33.36500000953674,0.0,0.0
33.36500000953674,0.0,0.0
33.37600004673004,0.0,0.0
33.38800001144409,0.0,0.0
33.41199994087219,0.0,0.0
33.41199994087219,0.0,0.0
33.414000034332275,0.0,0.0
33.42400002479553,0.0,0.0
33.43599998950958,0.0,0.0
33.449000000953674,0.0,0.0
33.462000012397766,0.0,0.0
33.47200000286102,0.0,0.0
33.473999977111816,0.0,0.0
33.48399996757507,0.0,0.0
33.49600005149841,0.0,0.0
33.521000027656555,0.0,0.0
33.521000027656555,0.0,0.0
33.532999992370605,0.0,0.0
33.53400003910065,0.0,0.0
